Sample ID,Commod,Pesticide Code,Pesticide Name,Test Class,Concentration,LOD,pp_,Confirm 1,Confirm 2,Annotate,Quantitate,Mean,Extract,Determ,EPA Tolerance (ppm)
MO1009070024SYCO1,"SY","653","Glyphosate","I",3.615,0.25,"M","LU","","","","O","999","52","20.0"
MO1009070031SYCO1,"SY","653","Glyphosate","I",0.516,0.25,"M","LU","","","E","O","999","52","20.0"
MO1009090035SYCO1,"SY","653","Glyphosate","I",0.907,0.25,"M","LU","","","","O","999","52","20.0"
MO1009150034SYCO1,"SY","653","Glyphosate","I",0.918,0.25,"M","LU","","","","O","999","52","20.0"
MO1009160036SYCO1,"SY","653","Glyphosate","I",0.586,0.25,"M","LU","","","","O","999","52","20.0"
MO1009170028SYCO1,"SY","653","Glyphosate","I",0.769,0.25,"M","LU","","","","O","999","52","20.0"
MO1009170029SYCO1,"SY","653","Glyphosate","I",1.463,0.25,"M","LU","","","","O","999","52","20.0"
MO1009170037SYCO1,"SY","653","Glyphosate","I",1.133,0.25,"M","LU","","","","O","999","52","20.0"
MO1009180025SYCO1,"SY","653","Glyphosate","I",0.265,0.25,"M","LU","","","","O","999","52","20.0"
MO1009180026SYCO1,"SY","653","Glyphosate","I",1.141,0.25,"M","LU","","","","O","999","52","20.0"
MO1009180032SYCO1,"SY","653","Glyphosate","I",1.039,0.25,"M","LU","","","","O","999","52","20.0"
MO1009220027SYCO1,"SY","653","Glyphosate","I",0.833,0.25,"M","LU","","","","O","999","52","20.0"
MO1009220030SYCO1,"SY","653","Glyphosate","I",1.287,0.25,"M","LU","","","E","O","999","52","20.0"
MO1010010017SYCO1,"SY","653","Glyphosate","I",0.653,0.25,"M","LU","","","","O","999","52","20.0"
MO1010010022SYCO1,"SY","653","Glyphosate","I",1.116,0.25,"M","LU","","","","O","999","52","20.0"
MO1010050020SYCO1,"SY","653","Glyphosate","I",1.376,0.25,"M","LU","","","","O","999","52","20.0"
MO1010060011SYCO1,"SY","653","Glyphosate","I",2.38,0.25,"M","LU","","","","O","999","52","20.0"
MO1010070009SYCO1,"SY","653","Glyphosate","I",0.436,0.25,"M","LU","","","","O","999","52","20.0"
MO1010070270SYCO1,"SY","653","Glyphosate","I",2.992,0.25,"M","LU","","","","O","999","52","20.0"
MO1010080012SYCO1,"SY","653","Glyphosate","I",1.728,0.25,"M","LU","","","","O","999","52","20.0"
MO1010080271SYCO1,"SY","653","Glyphosate","I",2.443,0.25,"M","LU","","","","O","999","52","20.0"
MO1010080275SYCO1,"SY","653","Glyphosate","I",0.668,0.25,"M","LU","","","","O","999","52","20.0"
MO1010090016SYCO1,"SY","653","Glyphosate","I",1.048,0.25,"M","LU","","","","O","999","52","20.0"
MO1010090023SYCO1,"SY","653","Glyphosate","I",0.925,0.25,"M","LU","","","E","O","999","52","20.0"
MO1010110007SYCO1,"SY","653","Glyphosate","I",0.795,0.25,"M","LU","","","E","O","999","52","20.0"
MO1010110008SYCO1,"SY","653","Glyphosate","I",0.482,0.25,"M","LU","","","","O","999","52","20.0"
MO1010110010SYCO1,"SY","653","Glyphosate","I",0.381,0.25,"M","LU","","","","O","999","52","20.0"
MO1010110013SYCO1,"SY","653","Glyphosate","I",1.076,0.25,"M","LU","","","","O","999","52","20.0"
MO1010110042SYCO1,"SY","653","Glyphosate","I",1.881,0.25,"M","LU","","","","O","999","52","20.0"
MO1010110052SYCO1,"SY","653","Glyphosate","I",1.11,0.25,"M","LU","","","","O","999","52","20.0"
MO1010120015SYCO1,"SY","653","Glyphosate","I",0.744,0.25,"M","LU","","","","O","999","52","20.0"
MO1010120050SYCO1,"SY","653","Glyphosate","I",0.628,0.25,"M","LU","","","","O","999","52","20.0"
MO1010120136SYCO1,"SY","653","Glyphosate","I",6.029,0.25,"M","LU","","","","O","999","52","20.0"
MO1010130006SYCO1,"SY","653","Glyphosate","I",0.954,0.25,"M","LU","","","","O","999","52","20.0"
MO1010130269SYCO1,"SY","653","Glyphosate","I",2.78,0.25,"M","LU","","","","O","999","52","20.0"
MO1010130276SYCO1,"SY","653","Glyphosate","I",0.661,0.25,"M","LU","","","E","O","999","52","20.0"
MO1010140001SYCO1,"SY","653","Glyphosate","I",0.968,0.25,"M","LU","","","","O","999","52","20.0"
MO1010140002SYCO1,"SY","653","Glyphosate","I",1.055,0.25,"M","LU","","","","O","999","52","20.0"
MO1010140003SYCO1,"SY","653","Glyphosate","I",0.534,0.25,"M","LU","","","","O","999","52","20.0"
MO1010140004SYCO1,"SY","653","Glyphosate","I",1.212,0.25,"M","LU","","","","O","999","52","20.0"
MO1010140005SYCO1,"SY","653","Glyphosate","I",0.683,0.25,"M","LU","","","","O","999","52","20.0"
MO1010140139SYCO1,"SY","653","Glyphosate","I",2.263,0.25,"M","LU","","","","O","999","52","20.0"
MO1010140273SYCO1,"SY","653","Glyphosate","I",0.402,0.25,"M","LU","","","","O","999","52","20.0"
MO1010160019SYCO1,"SY","653","Glyphosate","I",0.364,0.25,"M","LU","","","","O","999","52","20.0"
MO1010180039SYCO1,"SY","653","Glyphosate","I",1.511,0.25,"M","LU","","","","O","999","52","20.0"
MO1010190021SYCO1,"SY","653","Glyphosate","I",1.096,0.25,"M","LU","","","","O","999","52","20.0"
MO1010200137SYCO1,"SY","653","Glyphosate","I",6.406,0.25,"M","LU","","","","O","999","52","20.0"
MO1010220014SYCO1,"SY","653","Glyphosate","I",0.985,0.25,"M","LU","","","","O","999","52","20.0"
MO1010220018SYCO1,"SY","653","Glyphosate","I",1.085,0.25,"M","LU","","","","O","999","52","20.0"
MO1010220054SYCO1,"SY","653","Glyphosate","I",1.506,0.25,"M","LU","","","","O","999","52","20.0"
MO1010270138SYCO1,"SY","653","Glyphosate","I",2.267,0.25,"M","LU","","","","O","999","52","20.0"
MO1010280135SYCO1,"SY","653","Glyphosate","I",1.634,0.25,"M","LU","","","","O","999","52","20.0"
MO1010300134SYCO1,"SY","653","Glyphosate","I",1.11,0.25,"M","LU","","","","O","999","52","20.0"
MO1011020126SYCO1,"SY","653","Glyphosate","I",0.79,0.25,"M","LU","","","","O","999","52","20.0"
MO1011040041SYCO1,"SY","653","Glyphosate","I",1.216,0.25,"M","LU","","","","O","999","52","20.0"
MO1011040043SYCO1,"SY","653","Glyphosate","I",0.98,0.25,"M","LU","","","","O","999","52","20.0"
MO1011040044SYCO1,"SY","653","Glyphosate","I",1.176,0.25,"M","LU","","","","O","999","52","20.0"
MO1011040045SYCO1,"SY","653","Glyphosate","I",0.888,0.25,"M","LU","","","","O","999","52","20.0"
MO1011040048SYCO1,"SY","653","Glyphosate","I",1.052,0.25,"M","LU","","","","O","999","52","20.0"
MO1011040051SYCO1,"SY","653","Glyphosate","I",1.519,0.25,"M","LU","","","","O","999","52","20.0"
MO1011050128SYCO1,"SY","653","Glyphosate","I",1.576,0.25,"M","LU","","","","O","999","52","20.0"
MO1011100055SYCO1,"SY","653","Glyphosate","I",0.456,0.25,"M","LU","","","","O","999","52","20.0"
MO1011120047SYCO1,"SY","653","Glyphosate","I",0.882,0.25,"M","LU","","","","O","999","52","20.0"
MO1011120049SYCO1,"SY","653","Glyphosate","I",0.775,0.25,"M","LU","","","","O","999","52","20.0"
MO1011150046SYCO1,"SY","653","Glyphosate","I",0.894,0.25,"M","LU","","","","O","999","52","20.0"
MO1011150053SYCO1,"SY","653","Glyphosate","I",1.171,0.25,"M","LU","","","","O","999","52","20.0"
MO1011170133SYCO1,"SY","653","Glyphosate","I",0.763,0.25,"M","LU","","","","O","999","52","20.0"
MO1011190056SYCO1,"SY","653","Glyphosate","I",0.648,0.25,"M","LU","","","E","O","999","52","20.0"
MO1011190057SYCO1,"SY","653","Glyphosate","I",0.773,0.25,"M","LU","","","","O","999","52","20.0"
MO1011190058SYCO1,"SY","653","Glyphosate","I",0.734,0.25,"M","LU","","","","O","999","52","20.0"
MO1011190059SYCO1,"SY","653","Glyphosate","I",0.67,0.25,"M","LU","","","","O","999","52","20.0"
MO1011190060SYCO1,"SY","653","Glyphosate","I",0.722,0.25,"M","LU","","","","O","999","52","20.0"
MO1011190061SYCO1,"SY","653","Glyphosate","I",0.714,0.25,"M","LU","","","","O","999","52","20.0"
MO1011190062SYCO1,"SY","653","Glyphosate","I",0.994,0.25,"M","LU","","","","O","999","52","20.0"
MO1011190063SYCO1,"SY","653","Glyphosate","I",0.77,0.25,"M","LU","","","","O","999","52","20.0"
MO1011190064SYCO1,"SY","653","Glyphosate","I",0.963,0.25,"M","LU","","","","O","999","52","20.0"
MO1011190065SYCO1,"SY","653","Glyphosate","I",0.625,0.25,"M","LU","","","E","O","999","52","20.0"
MO1011190066SYCO1,"SY","653","Glyphosate","I",0.821,0.25,"M","LU","","","","O","999","52","20.0"
MO1011230127SYCO1,"SY","653","Glyphosate","I",1.473,0.25,"M","LU","","","","O","999","52","20.0"
MO1012020131SYCO1,"SY","653","Glyphosate","I",0.952,0.25,"M","LU","","","","O","999","52","20.0"
MO1012020132SYCO1,"SY","653","Glyphosate","I",1.032,0.25,"M","LU","","","","O","999","52","20.0"
MO1012070266SYCO1,"SY","653","Glyphosate","I",0.742,0.25,"M","LU","","","","O","999","52","20.0"
MO1012080122SYCO1,"SY","653","Glyphosate","I",1.442,0.25,"M","LU","","","","O","999","52","20.0"
MO1012080130SYCO1,"SY","653","Glyphosate","I",1.317,0.25,"M","LU","","","","O","999","52","20.0"
MO1012090261SYCO1,"SY","653","Glyphosate","I",0.564,0.25,"M","LU","","","","O","999","52","20.0"
MO1012140072SYCO1,"SY","653","Glyphosate","I",2.05,0.25,"M","LU","","","","R","999","52","20.0"
MO1012140073SYCO1,"SY","653","Glyphosate","I",1.881,0.25,"M","LU","","","","R","999","52","20.0"
MO1012140129SYCO1,"SY","653","Glyphosate","I",1.445,0.25,"M","LU","","","","O","999","52","20.0"
MO1012150070SYCO1,"SY","653","Glyphosate","I",0.86,0.25,"M","LU","","","","O","999","52","20.0"
MO1012150071SYCO1,"SY","653","Glyphosate","I",2.188,0.25,"M","LU","","","","O","999","52","20.0"
MO1012150074SYCO1,"SY","653","Glyphosate","I",1.925,0.25,"M","LU","","","","O","999","52","20.0"
MO1012150075SYCO1,"SY","653","Glyphosate","I",1.745,0.25,"M","LU","","","","O","999","52","20.0"
MO1012150106SYCO1,"SY","653","Glyphosate","I",1.214,0.25,"M","LU","","","","O","999","52","20.0"
MO1012150107SYCO1,"SY","653","Glyphosate","I",1.117,0.25,"M","LU","","","","O","999","52","20.0"
MO1012150118SYCO1,"SY","653","Glyphosate","I",1.382,0.25,"M","LU","","","","O","999","52","20.0"
MO1012150119SYCO1,"SY","653","Glyphosate","I",2.04,0.25,"M","LU","","","","O","999","52","20.0"
MO1012160068SYCO1,"SY","653","Glyphosate","I",1.048,0.25,"M","LU","","","","O","999","52","20.0"
MO1012160069SYCO1,"SY","653","Glyphosate","I",0.825,0.25,"M","LU","","","","O","999","52","20.0"
MO1012160265SYCO1,"SY","653","Glyphosate","I",2.11,0.25,"M","LU","","","","O","999","52","20.0"
MO1012170103SYCO1,"SY","653","Glyphosate","I",1.118,0.25,"M","LU","","","","O","999","52","20.0"
MO1012170108SYCO1,"SY","653","Glyphosate","I",1.57,0.25,"M","LU","","","","O","999","52","20.0"
MO1012170111SYCO1,"SY","653","Glyphosate","I",1.711,0.25,"M","LU","","","E","O","999","52","20.0"
MO1012170262SYCO1,"SY","653","Glyphosate","I",0.906,0.25,"M","LU","","","","O","999","52","20.0"
MO1012200078SYCO1,"SY","653","Glyphosate","I",0.304,0.25,"M","LU","","","","O","999","52","20.0"
MO1012200079SYCO1,"SY","653","Glyphosate","I",4.606,0.25,"M","LU","","","","R","999","52","20.0"
MO1012200081SYCO1,"SY","653","Glyphosate","I",1.312,0.25,"M","LU","","","","O","999","52","20.0"
MO1012200082SYCO1,"SY","653","Glyphosate","I",1.888,0.25,"M","LU","","","E","O","999","52","20.0"
MO1012200083SYCO1,"SY","653","Glyphosate","I",0.939,0.25,"M","LU","","","","O","999","52","20.0"
MO1012200084SYCO1,"SY","653","Glyphosate","I",1.143,0.25,"M","LU","","","","O","999","52","20.0"
MO1012200085SYCO1,"SY","653","Glyphosate","I",0.93,0.25,"M","LU","","","","O","999","52","20.0"
MO1012200121SYCO1,"SY","653","Glyphosate","I",0.635,0.25,"M","LU","","","","O","999","52","20.0"
MO1012210105SYCO1,"SY","653","Glyphosate","I",1.409,0.25,"M","LU","","","","O","999","52","20.0"
MO1012210109SYCO1,"SY","653","Glyphosate","I",1.108,0.25,"M","LU","","","","O","999","52","20.0"
MO1012210110SYCO1,"SY","653","Glyphosate","I",1.366,0.25,"M","LU","","","","O","999","52","20.0"
MO1012220124SYCO1,"SY","653","Glyphosate","I",1.439,0.25,"M","LU","","","E","O","999","52","20.0"
MO1012220125SYCO1,"SY","653","Glyphosate","I",1.335,0.25,"M","LU","","","","O","999","52","20.0"
MO1012230100SYCO1,"SY","653","Glyphosate","I",0.94,0.25,"M","LU","","","","O","999","52","20.0"
MO1012230101SYCO1,"SY","653","Glyphosate","I",1.453,0.25,"M","LU","","","","O","999","52","20.0"
MO1012230104SYCO1,"SY","653","Glyphosate","I",1.234,0.25,"M","LU","","","","O","999","52","20.0"
MO1012250102SYCO1,"SY","653","Glyphosate","I",1.167,0.25,"M","LU","","","","O","999","52","20.0"
MO1012270090SYCO1,"SY","653","Glyphosate","I",0.892,0.25,"M","LU","","","E","O","999","52","20.0"
MO1012270091SYCO1,"SY","653","Glyphosate","I",1.912,0.25,"M","LU","","","","O","999","52","20.0"
MO1012270092SYCO1,"SY","653","Glyphosate","I",1.854,0.25,"M","LU","","","","O","999","52","20.0"
MO1012270093SYCO1,"SY","653","Glyphosate","I",2.574,0.25,"M","LU","","","","O","999","52","20.0"
MO1012270094SYCO1,"SY","653","Glyphosate","I",1.005,0.25,"M","LU","","","","O","999","52","20.0"
MO1012270095SYCO1,"SY","653","Glyphosate","I",1.044,0.25,"M","LU","","","","O","999","52","20.0"
MO1012270096SYCO1,"SY","653","Glyphosate","I",0.851,0.25,"M","LU","","","","O","999","52","20.0"
MO1012270097SYCO1,"SY","653","Glyphosate","I",0.97,0.25,"M","LU","","","","O","999","52","20.0"
MO1012270098SYCO1,"SY","653","Glyphosate","I",1.31,0.25,"M","LU","","","","O","999","52","20.0"
MO1012270099SYCO1,"SY","653","Glyphosate","I",0.62,0.25,"M","LU","","","","O","999","52","20.0"
MO1012300263SYCO1,"SY","653","Glyphosate","I",1.153,0.25,"M","LU","","","","O","999","52","20.0"
MO1012300268SYCO1,"SY","653","Glyphosate","I",2.609,0.25,"M","LU","","","","O","999","52","20.0"
MO1012310267SYCO1,"SY","653","Glyphosate","I",10.429,0.25,"M","LU","","","","O","999","52","20.0"
MO1101020191SYCO1,"SY","653","Glyphosate","I",2.895,0.25,"M","LU","","","E","O","999","52","20.0"
MO1101040120SYCO1,"SY","653","Glyphosate","I",3.108,0.25,"M","LU","","","E","O","999","52","20.0"
MO1101040169SYCO1,"SY","653","Glyphosate","I",0.97,0.25,"M","LU","","","","O","999","52","20.0"
MO1101040170SYCO1,"SY","653","Glyphosate","I",0.541,0.25,"M","LU","","","","O","999","52","20.0"
MO1101050086SYCO1,"SY","653","Glyphosate","I",1.188,0.25,"M","LU","","","","O","999","52","20.0"
MO1101050087SYCO1,"SY","653","Glyphosate","I",0.668,0.25,"M","LU","","","","O","999","52","20.0"
MO1101050171SYCO1,"SY","653","Glyphosate","I",0.677,0.25,"M","LU","","","","O","999","52","20.0"
MO1101050173SYCO1,"SY","653","Glyphosate","I",0.876,0.25,"M","LU","","","","O","999","52","20.0"
MO1101050184SYCO1,"SY","653","Glyphosate","I",4.971,0.25,"M","LU","","","E","O","999","52","20.0"
MO1101050226SYCO1,"SY","653","Glyphosate","I",4.558,0.25,"M","LU","","","","O","999","52","20.0"
MO1101060141SYCO1,"SY","653","Glyphosate","I",1.067,0.25,"M","LU","","","","O","999","52","20.0"
MO1101060142SYCO1,"SY","653","Glyphosate","I",0.903,0.25,"M","LU","","","","O","999","52","20.0"
MO1101060143SYCO1,"SY","653","Glyphosate","I",1.604,0.25,"M","LU","","","","O","999","52","20.0"
MO1101060144SYCO1,"SY","653","Glyphosate","I",0.908,0.25,"M","LU","","","","O","999","52","20.0"
MO1101060149SYCO1,"SY","653","Glyphosate","I",1.882,0.25,"M","LU","","","","O","999","52","20.0"
MO1101060150SYCO1,"SY","653","Glyphosate","I",1.251,0.25,"M","LU","","","","O","999","52","20.0"
MO1101060151SYCO1,"SY","653","Glyphosate","I",1.73,0.25,"M","LU","","","","O","999","52","20.0"
MO1101060152SYCO1,"SY","653","Glyphosate","I",1.771,0.25,"M","LU","","","","O","999","52","20.0"
MO1101060155SYCO1,"SY","653","Glyphosate","I",1.447,0.25,"M","LU","","","","O","999","52","20.0"
MO1101070172SYCO1,"SY","653","Glyphosate","I",0.611,0.25,"M","LU","","","","O","999","52","20.0"
MO1101070174SYCO1,"SY","653","Glyphosate","I",0.983,0.25,"M","LU","","","","O","999","52","20.0"
MO1101070192SYCO1,"SY","653","Glyphosate","I",2.596,0.25,"M","LU","","","","O","999","52","20.0"
MO1101070194SYCO1,"SY","653","Glyphosate","I",1.754,0.25,"M","LU","","","E","O","999","52","20.0"
MO1101070257SYCO1,"SY","653","Glyphosate","I",3.395,0.25,"M","LU","","","","O","999","52","20.0"
MO1101070258SYCO1,"SY","653","Glyphosate","I",3.544,0.25,"M","LU","","","","O","999","52","20.0"
MO1101090146SYCO1,"SY","653","Glyphosate","I",1.017,0.25,"M","LU","","","","O","999","52","20.0"
MO1101090186SYCO1,"SY","653","Glyphosate","I",1.108,0.25,"M","LU","","","E","O","999","52","20.0"
MO1101090188SYCO1,"SY","653","Glyphosate","I",18.525,0.25,"M","LU","","","","O","999","52","20.0"
MO1101090232SYCO1,"SY","653","Glyphosate","I",1.068,0.25,"M","LU","","","","O","999","52","20.0"
MO1101100145SYCO1,"SY","653","Glyphosate","I",0.782,0.25,"M","LU","","","","O","999","52","20.0"
MO1101100168SYCO1,"SY","653","Glyphosate","I",0.674,0.25,"M","LU","","","","O","999","52","20.0"
MO1101100230SYCO1,"SY","653","Glyphosate","I",3.408,0.25,"M","LU","","","","O","999","52","20.0"
MO1101100252SYCO1,"SY","653","Glyphosate","I",1.581,0.25,"M","LU","","","","O","999","52","20.0"
MO1101110112SYCO1,"SY","653","Glyphosate","I",0.488,0.25,"M","LU","","","","O","999","52","20.0"
MO1101110113SYCO1,"SY","653","Glyphosate","I",0.989,0.25,"M","LU","","","","O","999","52","20.0"
MO1101110114SYCO1,"SY","653","Glyphosate","I",0.469,0.25,"M","LU","","","","O","999","52","20.0"
MO1101110115SYCO1,"SY","653","Glyphosate","I",0.712,0.25,"M","LU","","","","O","999","52","20.0"
MO1101110116SYCO1,"SY","653","Glyphosate","I",2.231,0.25,"M","LU","","","","R","999","52","20.0"
MO1101110117SYCO1,"SY","653","Glyphosate","I",1.703,0.25,"M","LU","","","","O","999","52","20.0"
MO1101110242SYCO1,"SY","653","Glyphosate","I",6.022,0.25,"M","LU","","","","O","999","52","20.0"
MO1101110244SYCO1,"SY","653","Glyphosate","I",9.301,0.25,"M","LU","","","","O","999","52","20.0"
MO1101120201SYCO1,"SY","653","Glyphosate","I",2.431,0.25,"M","LU","","","","O","999","52","20.0"
MO1101120202SYCO1,"SY","653","Glyphosate","I",2.298,0.25,"M","LU","","","","O","999","52","20.0"
MO1101120251SYCO1,"SY","653","Glyphosate","I",2.851,0.25,"M","LU","","","","O","999","52","20.0"
MO1101130147SYCO1,"SY","653","Glyphosate","I",1.263,0.25,"M","LU","","","","O","999","52","20.0"
MO1101130148SYCO1,"SY","653","Glyphosate","I",0.687,0.25,"M","LU","","","E","O","999","52","20.0"
MO1101130153SYCO1,"SY","653","Glyphosate","I",1.665,0.25,"M","LU","","","","O","999","52","20.0"
MO1101130154SYCO1,"SY","653","Glyphosate","I",1.749,0.25,"M","LU","","","","O","999","52","20.0"
MO1101130189SYCO1,"SY","653","Glyphosate","I",3.218,0.25,"M","LU","","","","O","999","52","20.0"
MO1101130204SYCO1,"SY","653","Glyphosate","I",3.717,0.25,"M","LU","","","","O","999","52","20.0"
MO1101130243SYCO1,"SY","653","Glyphosate","I",9.675,0.25,"M","LU","","","","O","999","52","20.0"
MO1101140193SYCO1,"SY","653","Glyphosate","I",2.839,0.25,"M","LU","","","","O","999","52","20.0"
MO1101170159SYCO1,"SY","653","Glyphosate","I",1.238,0.25,"M","LU","","","","O","999","52","20.0"
MO1101170160SYCO1,"SY","653","Glyphosate","I",0.886,0.25,"M","LU","","","","O","999","52","20.0"
MO1101170161SYCO1,"SY","653","Glyphosate","I",3.89,0.25,"M","LU","","","E","O","999","52","20.0"
MO1101170162SYCO1,"SY","653","Glyphosate","I",2.69,0.25,"M","LU","","","E","O","999","52","20.0"
MO1101170163SYCO1,"SY","653","Glyphosate","I",2.62,0.25,"M","LU","","","","O","999","52","20.0"
MO1101170164SYCO1,"SY","653","Glyphosate","I",6.06,0.25,"M","LU","","","","O","999","52","20.0"
MO1101170165SYCO1,"SY","653","Glyphosate","I",1.054,0.25,"M","LU","","","","O","999","52","20.0"
MO1101170190SYCO1,"SY","653","Glyphosate","I",3.956,0.25,"M","LU","","","","O","999","52","20.0"
MO1101180156SYCO1,"SY","653","Glyphosate","I",2.569,0.25,"M","LU","","","","O","999","52","20.0"
MO1101180157SYCO1,"SY","653","Glyphosate","I",0.92,0.25,"M","LU","","","E","O","999","52","20.0"
MO1101180166SYCO1,"SY","653","Glyphosate","I",0.817,0.25,"M","LU","","","E","O","999","52","20.0"
MO1101180167SYCO1,"SY","653","Glyphosate","I",0.74,0.25,"M","LU","","","E","O","999","52","20.0"
MO1101190158SYCO1,"SY","653","Glyphosate","I",1.282,0.25,"M","LU","","","","O","999","52","20.0"
MO1101190175SYCO1,"SY","653","Glyphosate","I",0.915,0.25,"M","LU","","","","O","999","52","20.0"
MO1101190176SYCO1,"SY","653","Glyphosate","I",0.892,0.25,"M","LU","","","","O","999","52","20.0"
MO1101190177SYCO1,"SY","653","Glyphosate","I",0.842,0.25,"M","LU","","","","O","999","52","20.0"
MO1101190178SYCO1,"SY","653","Glyphosate","I",0.699,0.25,"M","LU","","","","O","999","52","20.0"
MO1101190179SYCO1,"SY","653","Glyphosate","I",1.045,0.25,"M","LU","","","","O","999","52","20.0"
MO1101190180SYCO1,"SY","653","Glyphosate","I",1.061,0.25,"M","LU","","","E","O","999","52","20.0"
MO1101190182SYCO1,"SY","653","Glyphosate","I",1.055,0.25,"M","LU","","","","O","999","52","20.0"
MO1101190254SYCO1,"SY","653","Glyphosate","I",6.736,0.25,"M","LU","","","","O","999","52","20.0"
MO1101200229SYCO1,"SY","653","Glyphosate","I",5.878,0.25,"M","LU","","","","O","999","52","20.0"
MO1101210247SYCO1,"SY","653","Glyphosate","I",9.915,0.25,"M","LU","","","","O","999","52","20.0"
MO1101210248SYCO1,"SY","653","Glyphosate","I",3.135,0.25,"M","LU","","","","O","999","52","20.0"
MO1101210259SYCO1,"SY","653","Glyphosate","I",5.837,0.25,"M","LU","","","","O","999","52","20.0"
MO1101220196SYCO1,"SY","653","Glyphosate","I",1.497,0.25,"M","LU","","","","O","999","52","20.0"
MO1101220207SYCO1,"SY","653","Glyphosate","I",1.155,0.25,"M","LU","","","","O","999","52","20.0"
MO1101220210SYCO1,"SY","653","Glyphosate","I",1.622,0.25,"M","LU","","","","O","999","52","20.0"
MO1101240209SYCO1,"SY","653","Glyphosate","I",0.545,0.25,"M","LU","","","","O","999","52","20.0"
MO1101240235SYCO1,"SY","653","Glyphosate","I",3.328,0.25,"M","LU","","","","O","999","52","20.0"
MO1101250217SYCO1,"SY","653","Glyphosate","I",2.214,0.25,"M","LU","","","","O","999","52","20.0"
MO1101250219SYCO1,"SY","653","Glyphosate","I",1.979,0.25,"M","LU","","","","O","999","52","20.0"
MO1101250221SYCO1,"SY","653","Glyphosate","I",5.367,0.25,"M","LU","","","","O","999","52","20.0"
MO1101250223SYCO1,"SY","653","Glyphosate","I",1.965,0.25,"M","LU","","","","O","999","52","20.0"
MO1101250225SYCO1,"SY","653","Glyphosate","I",2.211,0.25,"M","LU","","","","O","999","52","20.0"
MO1101250227SYCO1,"SY","653","Glyphosate","I",2.695,0.25,"M","LU","","","","O","999","52","20.0"
MO1101250228SYCO1,"SY","653","Glyphosate","I",3.156,0.25,"M","LU","","","","O","999","52","20.0"
MO1101250231SYCO1,"SY","653","Glyphosate","I",0.537,0.25,"M","LU","","","","O","999","52","20.0"
MO1101250234SYCO1,"SY","653","Glyphosate","I",0.517,0.25,"M","LU","","","","O","999","52","20.0"
MO1101250241SYCO1,"SY","653","Glyphosate","I",10.245,0.25,"M","LU","","","","O","999","52","20.0"
MO1101270195SYCO1,"SY","653","Glyphosate","I",1.774,0.25,"M","LU","","","","O","999","52","20.0"
MO1101270197SYCO1,"SY","653","Glyphosate","I",1.654,0.25,"M","LU","","","","O","999","52","20.0"
MO1101270198SYCO1,"SY","653","Glyphosate","I",1.46,0.25,"M","LU","","","","O","999","52","20.0"
MO1101270199SYCO1,"SY","653","Glyphosate","I",1.558,0.25,"M","LU","","","","O","999","52","20.0"
MO1101270200SYCO1,"SY","653","Glyphosate","I",1.649,0.25,"M","LU","","","","O","999","52","20.0"
MO1101270208SYCO1,"SY","653","Glyphosate","I",0.744,0.25,"M","LU","","","","O","999","52","20.0"
MO1101280203SYCO1,"SY","653","Glyphosate","I",4.069,0.25,"M","LU","","","","O","999","52","20.0"
MO1101280245SYCO1,"SY","653","Glyphosate","I",8.017,0.25,"M","LU","","","","O","999","52","20.0"
MO1101280246SYCO1,"SY","653","Glyphosate","I",6.752,0.25,"M","LU","","","","O","999","52","20.0"
MO1101280260SYCO1,"SY","653","Glyphosate","I",5.1,0.25,"M","LU","","","","O","999","52","20.0"
MO1101280280SYCO1,"SY","653","Glyphosate","I",0.631,0.25,"M","LU","","","","O","999","52","20.0"
MO1101280282SYCO1,"SY","653","Glyphosate","I",0.898,0.25,"M","LU","","","","O","999","52","20.0"
MO1101280283SYCO1,"SY","653","Glyphosate","I",0.504,0.25,"M","LU","","","","O","999","52","20.0"
MO1101280284SYCO1,"SY","653","Glyphosate","I",0.837,0.25,"M","LU","","","","O","999","52","20.0"
MO1101280292SYCO1,"SY","653","Glyphosate","I",0.562,0.25,"M","LU","","","E","O","999","52","20.0"
MO1101290250SYCO1,"SY","653","Glyphosate","I",1.719,0.25,"M","LU","","","","O","999","52","20.0"
MO1101310211SYCO1,"SY","653","Glyphosate","I",4.036,0.25,"M","LU","","","","O","999","52","20.0"
MO1101310212SYCO1,"SY","653","Glyphosate","I",5.133,0.25,"M","LU","","","","O","999","52","20.0"
MO1101310213SYCO1,"SY","653","Glyphosate","I",2.206,0.25,"M","LU","","","","O","999","52","20.0"
MO1101310214SYCO1,"SY","653","Glyphosate","I",1.896,0.25,"M","LU","","","","O","999","52","20.0"
MO1101310215SYCO1,"SY","653","Glyphosate","I",1.594,0.25,"M","LU","","","","O","999","52","20.0"
MO1101310216SYCO1,"SY","653","Glyphosate","I",2.723,0.25,"M","LU","","","","O","999","52","20.0"
MO1101310249SYCO1,"SY","653","Glyphosate","I",6.261,0.25,"M","LU","","","","O","999","52","20.0"
MO1101310281SYCO1,"SY","653","Glyphosate","I",0.507,0.25,"M","LU","","","","O","999","52","20.0"
MO1101310293SYCO1,"SY","653","Glyphosate","I",0.597,0.25,"M","LU","","","","O","999","52","20.0"
MO1102020206SYCO1,"SY","653","Glyphosate","I",0.622,0.25,"M","LU","","","","O","999","52","20.0"
MO1102020218SYCO1,"SY","653","Glyphosate","I",2.452,0.25,"M","LU","","","","O","999","52","20.0"
MO1102020220SYCO1,"SY","653","Glyphosate","I",1.599,0.25,"M","LU","","","","O","999","52","20.0"
MO1102020222SYCO1,"SY","653","Glyphosate","I",4.166,0.25,"M","LU","","","","O","999","52","20.0"
MO1102020237SYCO1,"SY","653","Glyphosate","I",3.233,0.25,"M","LU","","","","O","999","52","20.0"
MO1102020238SYCO1,"SY","653","Glyphosate","I",3.879,0.25,"M","LU","","","","O","999","52","20.0"
MO1102020239SYCO1,"SY","653","Glyphosate","I",7.157,0.25,"M","LU","","","","O","999","52","20.0"
MO1102020240SYCO1,"SY","653","Glyphosate","I",4.7,0.25,"M","LU","","","","O","999","52","20.0"
MO1102030236SYCO1,"SY","653","Glyphosate","I",0.466,0.25,"M","LU","","","","O","999","52","20.0"
MO1102100296SYCO1,"SY","653","Glyphosate","I",0.64,0.25,"M","LU","","","","O","999","52","20.0"
MO1102140285SYCO1,"SY","653","Glyphosate","I",0.434,0.25,"M","LU","","","","O","999","52","20.0"
MO1102180286SYCO1,"SY","653","Glyphosate","I",2.277,0.25,"M","LU","","","","O","999","52","20.0"
MO1102180289SYCO1,"SY","653","Glyphosate","I",0.423,0.25,"M","LU","","","","O","999","52","20.0"
MO1103020287SYCO1,"SY","653","Glyphosate","I",0.364,0.25,"M","LU","","","","O","999","52","20.0"
MO1103310291SYCO1,"SY","653","Glyphosate","I",0.584,0.25,"M","LU","","","","O","999","52","20.0"
MO1103310294SYCO1,"SY","653","Glyphosate","I",3.334,0.25,"M","LU","","","","O","999","52","20.0"
MO1103310295SYCO1,"SY","653","Glyphosate","I",0.304,0.25,"M","LU","","","","O","999","52","20.0"
MO1104040297SYCO1,"SY","653","Glyphosate","I",2.52,0.25,"M","LU","","","","O","999","52","20.0"
MO1104040298SYCO1,"SY","653","Glyphosate","I",2.934,0.25,"M","LU","","","","O","999","52","20.0"
MO1104280299SYCO1,"SY","653","Glyphosate","I",2.934,0.25,"M","LU","","","","O","999","52","20.0"
MO1104280300SYCO1,"SY","653","Glyphosate","I",2.379,0.25,"M","LU","","","","O","999","52","20.0"
MO2106080003COUS2,"CO","653","Glyphosate","I",0.05,0.035,"M","LU","","Q","","O","P90","52","5.0"
MO2106140007COUS2,"CO","653","Glyphosate","I",0.05,0.035,"M","LU","","Q","","O","P90","52","5.0"
MO2106150013COUS2,"CO","653","Glyphosate","I",0.05,0.035,"M","LU","","Q","","O","P90","52","5.0"
MO2106160004COUS2,"CO","653","Glyphosate","I",0.05,0.035,"M","LU","","Q","","O","P90","52","5.0"
MO2106180018COUS2,"CO","653","Glyphosate","I",0.05,0.035,"M","LU","","Q","","O","P90","52","5.0"
MO2106180019COUS2,"CO","653","Glyphosate","I",0.05,0.035,"M","LU","","Q","","O","P90","52","5.0"
MO2106210025COUS2,"CO","653","Glyphosate","I",0.05,0.035,"M","LU","","Q","","O","P90","52","5.0"
MO2106220024COUS2,"CO","653","Glyphosate","I",0.05,0.035,"M","LU","","Q","","O","P90","52","5.0"
MO2106220028COUS2,"CO","653","Glyphosate","I",0.05,0.035,"M","LU","","Q","","O","P90","52","5.0"
MO2106300037COUS2,"CO","653","Glyphosate","I",0.05,0.035,"M","LU","","Q","","O","P90","52","5.0"
MO2106300038COUS2,"CO","653","Glyphosate","I",0.05,0.035,"M","LU","","Q","","O","P90","52","5.0"
MO2106300063COUS2,"CO","653","Glyphosate","I",0.05,0.035,"M","LU","","Q","","O","P90","52","5.0"
MO2107010031COUS2,"CO","653","Glyphosate","I",0.05,0.035,"M","LU","","Q","","O","P90","52","5.0"
MO2107020029COUS2,"CO","653","Glyphosate","I",0.05,0.035,"M","LU","","Q","","O","P90","52","5.0"
MO2107020041COUS2,"CO","653","Glyphosate","I",0.05,0.035,"M","LU","","Q","","O","P90","52","5.0"
MO2107060062COUS2,"CO","653","Glyphosate","I",0.05,0.035,"M","LU","","Q","","O","P90","52","5.0"
MO2107090044COUS2,"CO","653","Glyphosate","I",0.05,0.035,"M","LU","","Q","","O","P90","52","5.0"
MO2107090057COUS2,"CO","653","Glyphosate","I",0.05,0.035,"M","LU","","Q","","O","P90","52","5.0"
MO2107120056COUS2,"CO","653","Glyphosate","I",0.123,0.035,"M","LU","","","","O","P90","52","5.0"
MO2107130048COUS2,"CO","653","Glyphosate","I",0.05,0.035,"M","LU","","Q","","O","P90","52","5.0"
MO2107220087COUS2,"CO","653","Glyphosate","I",0.05,0.035,"M","LU","","Q","","O","P90","52","5.0"
MO2107230092COUS2,"CO","653","Glyphosate","I",0.05,0.035,"M","LU","","Q","","O","P90","52","5.0"
MO2107290102COUS2,"CO","653","Glyphosate","I",0.05,0.035,"M","LU","","Q","","O","P90","52","5.0"
MO2108040119COUS2,"CO","653","Glyphosate","I",0.05,0.035,"M","LU","","Q","","O","P90","52","5.0"
MO2108130158COUS2,"CO","653","Glyphosate","I",0.05,0.035,"M","LU","","Q","","O","P90","52","5.0"
MO2108150145COUS2,"CO","653","Glyphosate","I",0.05,0.035,"M","LU","","Q","","O","P90","52","5.0"
MO2108170151COUS2,"CO","653","Glyphosate","I",0.05,0.035,"M","LU","","Q","","O","P90","52","5.0"
MO2108170157COUS2,"CO","653","Glyphosate","I",0.05,0.035,"M","LU","","Q","","O","P90","52","5.0"
MO2108180142COUS2,"CO","653","Glyphosate","I",0.05,0.035,"M","LU","","Q","","O","P90","52","5.0"
MO2108190141COUS2,"CO","653","Glyphosate","I",0.05,0.035,"M","LU","","Q","","O","P90","52","5.0"
MO2108190147COUS2,"CO","653","Glyphosate","I",0.05,0.035,"M","LU","","Q","","O","P90","52","5.0"
MO2108190148COUS2,"CO","653","Glyphosate","I",0.05,0.035,"M","LU","","Q","","O","P90","52","5.0"
MO2108190167COUS2,"CO","653","Glyphosate","I",0.05,0.035,"M","LU","","Q","","O","P90","52","5.0"
MO2108200146COUS2,"CO","653","Glyphosate","I",0.05,0.035,"M","LU","","Q","","O","P90","52","5.0"
MO2108230132COUS2,"CO","653","Glyphosate","I",0.05,0.035,"M","LU","","Q","","O","P90","52","5.0"
MO2108230156COUS2,"CO","653","Glyphosate","I",0.136,0.035,"M","LU","","","","O","P90","52","5.0"
MO2108310178COUS2,"CO","653","Glyphosate","I",0.05,0.035,"M","LU","","Q","","O","P90","52","5.0"
MO2109020170COUS2,"CO","653","Glyphosate","I",0.05,0.035,"M","LU","","Q","","O","P90","52","5.0"
MO2109020207COUS2,"CO","653","Glyphosate","I",0.05,0.035,"M","LU","","Q","","O","P90","52","5.0"
MO2109030172COUS2,"CO","653","Glyphosate","I",0.05,0.035,"M","LU","","Q","","O","P90","52","5.0"
MO2109090181COUS2,"CO","653","Glyphosate","I",0.05,0.035,"M","LU","","Q","","O","P90","52","5.0"
MO2109110186COUS2,"CO","653","Glyphosate","I",0.05,0.035,"M","LU","","Q","","O","P90","52","5.0"
MO2109120180COUS2,"CO","653","Glyphosate","I",0.05,0.035,"M","LU","","Q","","O","P90","52","5.0"
MO2109140191COUS2,"CO","653","Glyphosate","I",0.05,0.035,"M","LU","","Q","","O","P90","52","5.0"
MO2109140192COUS2,"CO","653","Glyphosate","I",0.05,0.035,"M","LU","","Q","","O","P90","52","5.0"
MO2109150198COUS2,"CO","653","Glyphosate","I",0.05,0.035,"M","LU","","Q","","O","P90","52","5.0"
MO2110010218COUS2,"CO","653","Glyphosate","I",0.05,0.035,"M","LU","","Q","","O","P90","52","5.0"
MO2110010219COUS2,"CO","653","Glyphosate","I",0.05,0.035,"M","LU","","Q","","O","P90","52","5.0"
MO2110050214COUS2,"CO","653","Glyphosate","I",0.05,0.035,"M","LU","","Q","","O","P90","52","5.0"
MO2110050215COUS2,"CO","653","Glyphosate","I",0.05,0.035,"M","LU","","Q","","O","P90","52","5.0"
MO2110060230COUS2,"CO","653","Glyphosate","I",0.05,0.035,"M","LU","","Q","","O","P90","52","5.0"
MO2110070227COUS2,"CO","653","Glyphosate","I",0.05,0.035,"M","LU","","Q","","O","P90","52","5.0"
MO2110090233COUS2,"CO","653","Glyphosate","I",0.05,0.035,"M","LU","","Q","","O","P90","52","5.0"
MO2110120231COUS2,"CO","653","Glyphosate","I",0.05,0.035,"M","LU","","Q","","O","P90","52","5.0"
MO2110120240COUS2,"CO","653","Glyphosate","I",0.05,0.035,"M","LU","","Q","","O","P90","52","5.0"
MO2110130232COUS2,"CO","653","Glyphosate","I",0.05,0.035,"M","LU","","Q","","O","P90","52","5.0"
MO2110130257COUS2,"CO","653","Glyphosate","I",0.05,0.035,"M","LU","","Q","","O","997","52","5.0"
MO2110140237COUS2,"CO","653","Glyphosate","I",0.05,0.035,"M","LU","","Q","","O","P90","52","5.0"
MO2110140238COUS2,"CO","653","Glyphosate","I",0.05,0.035,"M","LU","","Q","","O","P90","52","5.0"
MO2110160229COUS2,"CO","653","Glyphosate","I",0.05,0.035,"M","LU","","Q","","O","P90","52","5.0"
MO2110200265COUS2,"CO","653","Glyphosate","I",0.05,0.035,"M","LU","","Q","","O","997","52","5.0"
MO2110220256COUS2,"CO","653","Glyphosate","I",0.05,0.035,"M","LU","","Q","","O","P90","52","5.0"
MO2110230260COUS2,"CO","653","Glyphosate","I",0.05,0.035,"M","LU","","Q","","O","997","52","5.0"
MO2110250243COUS2,"CO","653","Glyphosate","I",0.05,0.035,"M","LU","","Q","","O","P90","52","5.0"
MO2110250244COUS2,"CO","653","Glyphosate","I",0.05,0.035,"M","LU","","Q","","O","P90","52","5.0"
MO2110250246COUS2,"CO","653","Glyphosate","I",0.05,0.035,"M","LU","","Q","","O","P90","52","5.0"
MO2110250253COUS2,"CO","653","Glyphosate","I",0.05,0.035,"M","LU","","Q","","O","P90","52","5.0"
MO2110260245COUS2,"CO","653","Glyphosate","I",0.05,0.035,"M","LU","","Q","","O","P90","52","5.0"
MO2110260249COUS2,"CO","653","Glyphosate","I",0.05,0.035,"M","LU","","Q","","O","P90","52","5.0"
MO2110260254COUS2,"CO","653","Glyphosate","I",0.05,0.035,"M","LU","","Q","","O","P90","52","5.0"
MO2110260258COUS2,"CO","653","Glyphosate","I",0.05,0.035,"M","LU","","Q","","O","997","52","5.0"
MO2110260267COUS2,"CO","653","Glyphosate","I",0.05,0.035,"M","LU","","Q","","O","997","52","5.0"
MO2110270251COUS2,"CO","653","Glyphosate","I",0.05,0.035,"M","LU","","Q","","O","P90","52","5.0"
MO2110270266COUS2,"CO","653","Glyphosate","I",0.05,0.035,"M","LU","","Q","","O","997","52","5.0"
MO2110300272COUS2,"CO","653","Glyphosate","I",0.05,0.035,"M","LU","","Q","","O","997","52","5.0"
MO2110300282COUS2,"CO","653","Glyphosate","I",0.05,0.035,"M","LU","","Q","","O","997","52","5.0"
MO2110310278COUS2,"CO","653","Glyphosate","I",0.05,0.035,"M","LU","","Q","","O","997","52","5.0"
MO2111010271COUS2,"CO","653","Glyphosate","I",0.05,0.035,"M","LU","","Q","","O","997","52","5.0"
MO2111010275COUS2,"CO","653","Glyphosate","I",0.05,0.035,"M","LU","","Q","","O","997","52","5.0"
MO2111010279COUS2,"CO","653","Glyphosate","I",0.05,0.035,"M","LU","","Q","","O","997","52","5.0"
MO2111010280COUS2,"CO","653","Glyphosate","I",0.05,0.035,"M","LU","","Q","","O","997","52","5.0"
MO2111010283COUS2,"CO","653","Glyphosate","I",0.05,0.035,"M","LU","","Q","","O","997","52","5.0"
MO2111010310COUS2,"CO","653","Glyphosate","I",0.05,0.035,"M","LU","","Q","","O","997","52","5.0"
MO2111020276COUS2,"CO","653","Glyphosate","I",0.05,0.035,"M","LU","","Q","","O","997","52","5.0"
MO2111020294COUS2,"CO","653","Glyphosate","I",0.13,0.035,"M","LU","","","","O","997","52","5.0"
MO2111020306COUS2,"CO","653","Glyphosate","I",0.05,0.035,"M","LU","","Q","","O","997","52","5.0"
MO2111030299COUS2,"CO","653","Glyphosate","I",0.05,0.035,"M","LU","","Q","","O","997","52","5.0"
MO2111030300COUS2,"CO","653","Glyphosate","I",0.05,0.035,"M","LU","","Q","","O","997","52","5.0"
MO2111060290COUS2,"CO","653","Glyphosate","I",0.05,0.035,"M","LU","","Q","","O","997","52","5.0"
MO2111070288COUS2,"CO","653","Glyphosate","I",0.05,0.035,"M","LU","","Q","","O","997","52","5.0"
MO2111080295COUS2,"CO","653","Glyphosate","I",0.05,0.035,"M","LU","","Q","","O","997","52","5.0"
MO2111090289COUS2,"CO","653","Glyphosate","I",0.05,0.035,"M","LU","","Q","","O","997","52","5.0"
MO2111090296COUS2,"CO","653","Glyphosate","I",0.05,0.035,"M","LU","","Q","","O","997","52","5.0"
MO2111100292COUS2,"CO","653","Glyphosate","I",0.05,0.035,"M","LU","","Q","","O","997","52","5.0"
MO2111100301COUS2,"CO","653","Glyphosate","I",0.05,0.035,"M","LU","","Q","","O","997","52","5.0"
MO2111110287COUS2,"CO","653","Glyphosate","I",0.05,0.035,"M","LU","","Q","","O","997","52","5.0"
MO2111140326COUS2,"CO","653","Glyphosate","I",0.05,0.035,"M","LU","","Q","","O","997","52","5.0"
MO2111160320COUS2,"CO","653","Glyphosate","I",0.05,0.035,"M","LU","","Q","","O","997","52","5.0"
MO2111180317COUS2,"CO","653","Glyphosate","I",0.05,0.035,"M","LU","","Q","","O","997","52","5.0"
MO2111190316COUS2,"CO","653","Glyphosate","I",0.05,0.035,"M","LU","","Q","","O","997","52","5.0"
MO2111200313COUS2,"CO","653","Glyphosate","I",0.05,0.035,"M","LU","","Q","","O","997","52","5.0"
MO2111200325COUS2,"CO","653","Glyphosate","I",0.05,0.035,"M","LU","","Q","","O","997","52","5.0"
MO2111230321COUS2,"CO","653","Glyphosate","I",0.05,0.035,"M","LU","","Q","","O","997","52","5.0"
MO2111230324COUS2,"CO","653","Glyphosate","I",0.05,0.035,"M","LU","","Q","","O","997","52","5.0"
MO2111230328COUS2,"CO","653","Glyphosate","I",0.05,0.035,"M","LU","","Q","","O","997","52","5.0"
MO2111240314COUS2,"CO","653","Glyphosate","I",0.05,0.035,"M","LU","","Q","","O","997","52","5.0"
MO2111270408COUS2,"CO","653","Glyphosate","I",0.05,0.035,"M","LU","","Q","","O","997","52","5.0"
MO2111290349COUS2,"CO","653","Glyphosate","I",0.05,0.035,"M","LU","","Q","","O","997","52","5.0"
MO2111290359COUS2,"CO","653","Glyphosate","I",0.05,0.035,"M","LU","","Q","","O","997","52","5.0"
MO2111300360COUS2,"CO","653","Glyphosate","I",0.05,0.035,"M","LU","","Q","","O","997","52","5.0"
MO2112010347COUS2,"CO","653","Glyphosate","I",0.05,0.035,"M","LU","","Q","","O","997","52","5.0"
MO2112010348COUS2,"CO","653","Glyphosate","I",0.05,0.035,"M","LU","","Q","","O","997","52","5.0"
MO2112010350COUS2,"CO","653","Glyphosate","I",0.05,0.035,"M","LU","","Q","","O","997","52","5.0"
MO2112010361COUS2,"CO","653","Glyphosate","I",0.05,0.035,"M","LU","","Q","","O","997","52","5.0"
MO2112020330COUS2,"CO","653","Glyphosate","I",0.05,0.035,"M","LU","","Q","","O","997","52","5.0"
MO2112020332COUS2,"CO","653","Glyphosate","I",0.05,0.035,"M","LU","","Q","","O","997","52","5.0"
MO2112020333COUS2,"CO","653","Glyphosate","I",0.05,0.035,"M","LU","","Q","","O","997","52","5.0"
MO2112020358COUS2,"CO","653","Glyphosate","I",0.05,0.035,"M","LU","","Q","","O","997","52","5.0"
MO2112030329COUS2,"CO","653","Glyphosate","I",0.05,0.035,"M","LU","","Q","","O","997","52","5.0"
MO2112030338COUS2,"CO","653","Glyphosate","I",0.05,0.035,"M","LU","","Q","","O","997","52","5.0"
MO2112060334COUS2,"CO","653","Glyphosate","I",0.05,0.035,"M","LU","","Q","","O","997","52","5.0"
MO2112060353COUS2,"CO","653","Glyphosate","I",0.05,0.035,"M","LU","","Q","","O","997","52","5.0"
MO2112060388COUS2,"CO","653","Glyphosate","I",0.05,0.035,"M","LU","","Q","","O","997","52","5.0"
MO2112070352COUS2,"CO","653","Glyphosate","I",0.05,0.035,"M","LU","","Q","","O","997","52","5.0"
MO2112070366COUS2,"CO","653","Glyphosate","I",0.05,0.035,"M","LU","","Q","","O","997","52","5.0"
MO2112070367COUS2,"CO","653","Glyphosate","I",0.05,0.035,"M","LU","","Q","","O","997","52","5.0"
MO2112090393COUS2,"CO","653","Glyphosate","I",0.05,0.035,"M","LU","","Q","","O","997","52","5.0"
MO2112090394COUS2,"CO","653","Glyphosate","I",0.05,0.035,"M","LU","","Q","","O","997","52","5.0"
MO2112100392COUS2,"CO","653","Glyphosate","I",0.05,0.035,"M","LU","","Q","","O","997","52","5.0"
MO2112110391COUS2,"CO","653","Glyphosate","I",0.05,0.035,"M","LU","","Q","","O","997","52","5.0"
MO2112140370COUS2,"CO","653","Glyphosate","I",0.05,0.035,"M","LU","","Q","","O","997","52","5.0"
MO2112140371COUS2,"CO","653","Glyphosate","I",0.05,0.035,"M","LU","","Q","","O","997","52","5.0"
MO2112150378COUS2,"CO","653","Glyphosate","I",0.05,0.035,"M","LU","","Q","","O","997","52","5.0"
MO2112150379COUS2,"CO","653","Glyphosate","I",0.05,0.035,"M","LU","","Q","","O","997","52","5.0"
MO2112150382COUS2,"CO","653","Glyphosate","I",0.05,0.035,"M","LU","","Q","","O","997","52","5.0"
MO2112160401COUS2,"CO","653","Glyphosate","I",0.05,0.035,"M","LU","","Q","","O","997","52","5.0"
MO2112160407COUS2,"CO","653","Glyphosate","I",0.05,0.035,"M","LU","","Q","","O","997","52","5.0"
MO2112170381COUS2,"CO","653","Glyphosate","I",0.05,0.035,"M","LU","","Q","","O","997","52","5.0"
MO2112170403COUS2,"CO","653","Glyphosate","I",0.05,0.035,"M","LU","","Q","","O","997","52","5.0"
MO2112170405COUS2,"CO","653","Glyphosate","I",0.05,0.035,"M","LU","","Q","","O","997","52","5.0"
MO2112170410COUS2,"CO","653","Glyphosate","I",0.05,0.035,"M","LU","","Q","","O","997","52","5.0"
MO2112180414COUS2,"CO","653","Glyphosate","I",0.05,0.035,"M","LU","","Q","","O","997","52","5.0"
MO2112210423COUS2,"CO","653","Glyphosate","I",0.05,0.035,"M","LU","","Q","","O","997","52","5.0"
MO2112270420COUS2,"CO","653","Glyphosate","I",0.05,0.035,"M","LU","","Q","","O","997","52","5.0"
MO2112300421COUS2,"CO","653","Glyphosate","I",0.05,0.035,"M","LU","","Q","","O","997","52","5.0"
MO2112300435COUS2,"CO","653","Glyphosate","I",0.05,0.035,"M","LU","","Q","","O","997","52","5.0"
MO2201030412COUS2,"CO","653","Glyphosate","I",0.058,0.035,"M","LU","","Q","","O","997","52","5.0"
MO2201060448COUS2,"CO","653","Glyphosate","I",0.058,0.035,"M","LU","","Q","","O","997","52","5.0"
MO2201130444COUS2,"CO","653","Glyphosate","I",0.058,0.035,"M","LU","","Q","","O","997","52","5.0"
MO2201130445COUS2,"CO","653","Glyphosate","I",0.058,0.035,"M","LU","","Q","","O","997","52","5.0"
MO2201140449COUS2,"CO","653","Glyphosate","I",0.058,0.035,"M","LU","","Q","","O","997","52","5.0"
MO2201190442COUS2,"CO","653","Glyphosate","I",0.058,0.035,"M","LU","","Q","","O","997","52","5.0"
MO2201200441COUS2,"CO","653","Glyphosate","I",0.058,0.035,"M","LU","","Q","","O","997","52","5.0"
MO2201210459COUS2,"CO","653","Glyphosate","I",0.058,0.035,"M","LU","","Q","","O","997","52","5.0"
MO2201230456COUS2,"CO","653","Glyphosate","I",0.058,0.035,"M","LU","","Q","","O","997","52","5.0"
MO2201270455COUS2,"CO","653","Glyphosate","I",0.058,0.035,"M","LU","","Q","","O","997","52","5.0"
MO2201270464COUS2,"CO","653","Glyphosate","I",0.058,0.035,"M","LU","","Q","","O","997","52","5.0"
MO2201290475COUS2,"CO","653","Glyphosate","I",0.058,0.035,"M","LU","","Q","","O","997","52","5.0"
MO2201290478COUS2,"CO","653","Glyphosate","I",0.058,0.035,"M","LU","","Q","","O","997","52","5.0"
MO2202040477COUS2,"CO","653","Glyphosate","I",0.058,0.035,"M","LU","","Q","","O","997","52","5.0"
MO2202060489COUS2,"CO","653","Glyphosate","I",0.058,0.035,"M","LU","","Q","","O","997","52","5.0"
MO2202070499COUS2,"CO","653","Glyphosate","I",0.058,0.035,"M","LU","","Q","","O","997","52","5.0"
MO2202080491COUS2,"CO","653","Glyphosate","I",0.058,0.035,"M","LU","","Q","","O","997","52","5.0"
MO2202080506COUS2,"CO","653","Glyphosate","I",0.058,0.035,"M","LU","","Q","","O","997","52","5.0"
MO2202090497COUS2,"CO","653","Glyphosate","I",0.058,0.035,"M","LU","","Q","","O","997","52","5.0"
MO2202090508COUS2,"CO","653","Glyphosate","I",0.058,0.035,"M","LU","","Q","","O","997","52","5.0"
MO2202090522COUS2,"CO","653","Glyphosate","I",0.058,0.035,"M","LU","","Q","","O","997","52","5.0"
MO2202110515COUS2,"CO","653","Glyphosate","I",0.058,0.035,"M","LU","","Q","","O","997","52","5.0"
MO2202130503COUS2,"CO","653","Glyphosate","I",0.058,0.035,"M","LU","","Q","","O","997","52","5.0"
MO2202180535COUS2,"CO","653","Glyphosate","I",0.058,0.035,"M","LU","","Q","","O","997","52","5.0"
MO2202270531COUS2,"CO","653","Glyphosate","I",0.058,0.035,"M","LU","","Q","","O","997","52","5.0"
MO2203010561COUS2,"CO","653","Glyphosate","I",0.058,0.035,"M","LU","","Q","","O","997","52","5.0"
MO2203020525COUS2,"CO","653","Glyphosate","I",0.058,0.035,"M","LU","","Q","","O","997","52","5.0"
MO2203020533COUS2,"CO","653","Glyphosate","I",0.058,0.035,"M","LU","","Q","","O","997","52","5.0"
MO2203030537COUS2,"CO","653","Glyphosate","I",0.058,0.035,"M","LU","","Q","","O","997","52","5.0"
MO2203070541COUS2,"CO","653","Glyphosate","I",0.058,0.035,"M","LU","","Q","","O","997","52","5.0"
MO2203070549COUS2,"CO","653","Glyphosate","I",0.058,0.035,"M","LU","","Q","","O","997","52","5.0"
MO2203080552COUS2,"CO","653","Glyphosate","I",0.058,0.035,"M","LU","","Q","","O","997","52","5.0"
MO2203090553COUS2,"CO","653","Glyphosate","I",0.058,0.035,"M","LU","","Q","","O","997","52","5.0"
MO2203090560COUS2,"CO","653","Glyphosate","I",0.058,0.035,"M","LU","","Q","","O","997","52","5.0"
MO2203110563COUS2,"CO","653","Glyphosate","I",0.058,0.035,"M","LU","","Q","","O","997","52","5.0"
MO2203110564COUS2,"CO","653","Glyphosate","I",0.058,0.035,"M","LU","","Q","","O","997","52","5.0"
MO2203110578COUS2,"CO","653","Glyphosate","I",0.058,0.035,"M","LU","","Q","","O","997","52","5.0"
MO2203150577COUS2,"CO","653","Glyphosate","I",0.058,0.035,"M","LU","","Q","","O","997","52","5.0"
MO2203200574COUS2,"CO","653","Glyphosate","I",0.058,0.035,"M","LU","","Q","","O","997","52","5.0"
MO2203210569COUS2,"CO","653","Glyphosate","I",0.058,0.035,"M","LU","","Q","","O","997","52","5.0"
MO2203210570COUS2,"CO","653","Glyphosate","I",0.058,0.035,"M","LU","","Q","","O","997","52","5.0"
MO2203220601COUS2,"CO","653","Glyphosate","I",0.058,0.035,"M","LU","","Q","","O","997","52","5.0"
MO2203230587COUS2,"CO","653","Glyphosate","I",0.058,0.035,"M","LU","","Q","","O","997","52","5.0"
MO2203240571COUS2,"CO","653","Glyphosate","I",0.058,0.035,"M","LU","","Q","","O","997","52","5.0"
MO2203250586COUS2,"CO","653","Glyphosate","I",0.058,0.035,"M","LU","","Q","","O","997","52","5.0"
MO2203260582COUS2,"CO","653","Glyphosate","I",0.058,0.035,"M","LU","","Q","","O","997","52","5.0"
MO2203310589COUS2,"CO","653","Glyphosate","I",0.058,0.035,"M","LU","","Q","","O","997","52","5.0"
MO2203310598COUS2,"CO","653","Glyphosate","I",0.058,0.035,"M","LU","","Q","","O","997","52","5.0"
MO2204010581COUS2,"CO","653","Glyphosate","I",0.058,0.035,"M","LU","","Q","","O","997","52","5.0"
MO2204010604COUS2,"CO","653","Glyphosate","I",0.058,0.035,"M","LU","","Q","","O","997","52","5.0"
MO2204040594COUS2,"CO","653","Glyphosate","I",0.058,0.035,"M","LU","","Q","","O","997","52","5.0"
MO2204040597COUS2,"CO","653","Glyphosate","I",0.058,0.035,"M","LU","","Q","","O","997","52","5.0"
MO2204050596COUS2,"CO","653","Glyphosate","I",0.058,0.035,"M","LU","","Q","","O","997","52","5.0"
MO2204060593COUS2,"CO","653","Glyphosate","I",0.058,0.035,"M","LU","","Q","","O","997","52","5.0"
MO2204060612COUS2,"CO","653","Glyphosate","I",0.058,0.035,"M","LU","","Q","","O","997","52","5.0"
MO2204070608COUS2,"CO","653","Glyphosate","I",0.058,0.035,"M","LU","","Q","","O","997","52","5.0"
MO2204280647COUS2,"CO","653","Glyphosate","I",0.058,0.035,"M","LU","","Q","","O","997","52","5.0"
MO2204290651COUS2,"CO","653","Glyphosate","I",0.058,0.035,"M","LU","","Q","","O","997","52","5.0"
MO2205030698COUS2,"CO","653","Glyphosate","I",0.058,0.035,"M","LU","","Q","","O","997","52","5.0"
MO2205050682COUS2,"CO","653","Glyphosate","I",0.058,0.035,"M","LU","","Q","","O","997","52","5.0"
MO2205090684COUS2,"CO","653","Glyphosate","I",0.058,0.035,"M","LU","","Q","","O","997","52","5.0"
MO2205090689COUS2,"CO","653","Glyphosate","I",0.058,0.035,"M","LU","","Q","","O","997","52","5.0"
MO2205090700COUS2,"CO","653","Glyphosate","I",0.058,0.035,"M","LU","","Q","","O","997","52","5.0"
MO2205120680COUS2,"CO","653","Glyphosate","I",0.058,0.035,"M","LU","","Q","","O","997","52","5.0"
MO2205190694COUS2,"CO","653","Glyphosate","I",0.058,0.035,"M","LU","","Q","","O","997","52","5.0"
MO2206020723COUS2,"CO","653","Glyphosate","I",0.058,0.035,"M","LU","","Q","","O","997","52","5.0"
MO2206040720COUS2,"CO","653","Glyphosate","I",0.058,0.035,"M","LU","","Q","","O","997","52","5.0"
MO2206050725COUS2,"CO","653","Glyphosate","I",0.058,0.035,"M","LU","","Q","","O","997","52","5.0"
MO2206050728COUS2,"CO","653","Glyphosate","I",0.058,0.035,"M","LU","","Q","","O","997","52","5.0"
MO2206090721COUS2,"CO","653","Glyphosate","I",0.058,0.035,"M","LU","","Q","","O","997","52","5.0"
MO2206090729COUS2,"CO","653","Glyphosate","I",0.058,0.035,"M","LU","","Q","","O","997","52","5.0"
MO2206090730COUS2,"CO","653","Glyphosate","I",0.058,0.035,"M","LU","","Q","","O","997","52","5.0"
MO2206100726COUS2,"CO","653","Glyphosate","I",0.119,0.035,"M","LU","","","","O","997","52","5.0"
MO2209070002SYUS2,"SY","653","Glyphosate","I",0.339,0.1,"M","LU","","","","O","997","52","20.0"
MO2209120038SYUS2,"SY","653","Glyphosate","I",0.282,0.1,"M","LU","","","","O","997","52","20.0"
MO2209130057SYUS2,"SY","653","Glyphosate","I",1.1,0.1,"M","LU","","","","O","997","52","20.0"
MO2209140004SYUS2,"SY","653","Glyphosate","I",1.31,0.1,"M","LU","","","","O","997","52","20.0"
MO2209140005SYUS2,"SY","653","Glyphosate","I",0.438,0.1,"M","LU","","","","O","997","52","20.0"
MO2209140039SYUS2,"SY","653","Glyphosate","I",1.67,0.1,"M","LU","","","","O","997","52","20.0"
MO2209140045SYUS2,"SY","653","Glyphosate","I",1.85,0.1,"M","LU","","","","O","997","52","20.0"
MO2209150034SYUS2,"SY","653","Glyphosate","I",0.392,0.1,"M","LU","","","","O","997","52","20.0"
MO2209150046SYUS2,"SY","653","Glyphosate","I",0.119,0.1,"M","LU","","","","O","997","52","20.0"
MO2209160054SYUS2,"SY","653","Glyphosate","I",0.586,0.1,"M","LU","","","","O","997","52","20.0"
MO2209170158SYUS2,"SY","653","Glyphosate","I",0.46,0.1,"M","LU","","","","O","997","52","20.0"
MO2209190050SYUS2,"SY","653","Glyphosate","I",0.166,0.1,"M","LU","","","","O","997","52","20.0"
MO2209190052SYUS2,"SY","653","Glyphosate","I",0.236,0.1,"M","LU","","","","O","997","52","20.0"
MO2209190056SYUS2,"SY","653","Glyphosate","I",0.301,0.1,"M","LU","","","","O","997","52","20.0"
MO2209190126SYUS2,"SY","653","Glyphosate","I",1.47,0.1,"M","LU","","","","O","997","52","20.0"
MO2209200049SYUS2,"SY","653","Glyphosate","I",0.612,0.1,"M","LU","","","","O","997","52","20.0"
MO2209200051SYUS2,"SY","653","Glyphosate","I",0.501,0.1,"M","LU","","","","O","997","52","20.0"
MO2209200053SYUS2,"SY","653","Glyphosate","I",0.29,0.1,"M","LU","","","","O","997","52","20.0"
MO2209200055SYUS2,"SY","653","Glyphosate","I",0.28,0.1,"M","LU","","","","O","997","52","20.0"
MO2209200058SYUS2,"SY","653","Glyphosate","I",0.301,0.1,"M","LU","","","","O","997","52","20.0"
MO2209210153SYUS2,"SY","653","Glyphosate","I",0.408,0.1,"M","LU","","","","O","997","52","20.0"
MO2209220124SYUS2,"SY","653","Glyphosate","I",0.329,0.1,"M","LU","","","","O","997","52","20.0"
MO2209220152SYUS2,"SY","653","Glyphosate","I",0.278,0.1,"M","LU","","","","O","997","52","20.0"
MO2209230116SYUS2,"SY","653","Glyphosate","I",0.675,0.1,"M","LU","","","","O","997","52","20.0"
MO2209230117SYUS2,"SY","653","Glyphosate","I",0.618,0.1,"M","LU","","","","O","997","52","20.0"
MO2209230123SYUS2,"SY","653","Glyphosate","I",0.556,0.1,"M","LU","","","","O","997","52","20.0"
MO2209230127SYUS2,"SY","653","Glyphosate","I",2.07,0.1,"M","LU","","","","O","997","52","20.0"
MO2209230133SYUS2,"SY","653","Glyphosate","I",0.501,0.1,"M","LU","","","","O","997","52","20.0"
MO2209240159SYUS2,"SY","653","Glyphosate","I",0.131,0.1,"M","LU","","","","O","997","52","20.0"
MO2209250168SYUS2,"SY","653","Glyphosate","I",0.166,0.1,"M","LU","","","","O","997","52","20.0"
MO2209260118SYUS2,"SY","653","Glyphosate","I",0.553,0.1,"M","LU","","","","O","997","52","20.0"
MO2209260119SYUS2,"SY","653","Glyphosate","I",0.336,0.1,"M","LU","","","","O","997","52","20.0"
MO2209260120SYUS2,"SY","653","Glyphosate","I",0.354,0.1,"M","LU","","","","O","997","52","20.0"
MO2209260121SYUS2,"SY","653","Glyphosate","I",0.286,0.1,"M","LU","","","","O","997","52","20.0"
MO2209260122SYUS2,"SY","653","Glyphosate","I",0.193,0.1,"M","LU","","","","O","997","52","20.0"
MO2209260130SYUS2,"SY","653","Glyphosate","I",0.682,0.1,"M","LU","","","","O","997","52","20.0"
MO2209260131SYUS2,"SY","653","Glyphosate","I",0.59,0.1,"M","LU","","","","O","997","52","20.0"
MO2209260138SYUS2,"SY","653","Glyphosate","I",0.445,0.1,"M","LU","","","","O","997","52","20.0"
MO2209260140SYUS2,"SY","653","Glyphosate","I",0.239,0.1,"M","LU","","","","O","997","52","20.0"
MO2209260141SYUS2,"SY","653","Glyphosate","I",0.497,0.1,"M","LU","","","","O","997","52","20.0"
MO2209260142SYUS2,"SY","653","Glyphosate","I",0.868,0.1,"M","LU","","","","O","997","52","20.0"
MO2209260143SYUS2,"SY","653","Glyphosate","I",0.374,0.1,"M","LU","","","","O","997","52","20.0"
MO2209260144SYUS2,"SY","653","Glyphosate","I",1.19,0.1,"M","LU","","","","O","997","52","20.0"
MO2209260145SYUS2,"SY","653","Glyphosate","I",0.271,0.1,"M","LU","","","","O","997","52","20.0"
MO2209270125SYUS2,"SY","653","Glyphosate","I",0.708,0.1,"M","LU","","","","O","997","52","20.0"
MO2209270134SYUS2,"SY","653","Glyphosate","I",1.27,0.1,"M","LU","","","","O","997","52","20.0"
MO2209270135SYUS2,"SY","653","Glyphosate","I",0.472,0.1,"M","LU","","","","O","997","52","20.0"
MO2209270154SYUS2,"SY","653","Glyphosate","I",0.513,0.1,"M","LU","","","","O","997","52","20.0"
MO2209270155SYUS2,"SY","653","Glyphosate","I",0.214,0.1,"M","LU","","","","O","997","52","20.0"
MO2209290078SYUS2,"SY","653","Glyphosate","I",0.845,0.1,"M","LU","","","","O","997","52","20.0"
MO2209290136SYUS2,"SY","653","Glyphosate","I",0.443,0.1,"M","LU","","","","O","997","52","20.0"
MO2209290137SYUS2,"SY","653","Glyphosate","I",0.607,0.1,"M","LU","","","","O","997","52","20.0"
MO2209300129SYUS2,"SY","653","Glyphosate","I",0.15,0.1,"M","LU","","","","O","997","52","20.0"
MO2210010071SYUS2,"SY","653","Glyphosate","I",0.243,0.1,"M","LU","","","","O","997","52","20.0"
MO2210010084SYUS2,"SY","653","Glyphosate","I",0.954,0.1,"M","LU","","","","O","997","52","20.0"
MO2210030009SYUS2,"SY","653","Glyphosate","I",0.362,0.1,"M","LU","","","","O","997","52","20.0"
MO2210030010SYUS2,"SY","653","Glyphosate","I",0.212,0.1,"M","LU","","","","O","997","52","20.0"
MO2210030021SYUS2,"SY","653","Glyphosate","I",0.319,0.1,"M","LU","","","","O","997","52","20.0"
MO2210030072SYUS2,"SY","653","Glyphosate","I",2.14,0.1,"M","LU","","","","O","997","52","20.0"
MO2210030147SYUS2,"SY","653","Glyphosate","I",0.162,0.1,"M","LU","","","","O","997","52","20.0"
MO2210030148SYUS2,"SY","653","Glyphosate","I",0.142,0.1,"M","LU","","","","O","997","52","20.0"
MO2210030151SYUS2,"SY","653","Glyphosate","I",0.14,0.1,"M","LU","","","","O","997","52","20.0"
MO2210030194SYUS2,"SY","653","Glyphosate","I",0.144,0.1,"M","LU","","","","O","997","52","20.0"
MO2210030200SYUS2,"SY","653","Glyphosate","I",0.135,0.1,"M","LU","","","","O","997","52","20.0"
MO2210040047SYUS2,"SY","653","Glyphosate","I",1.15,0.1,"M","LU","","","","O","997","52","20.0"
MO2210040061SYUS2,"SY","653","Glyphosate","I",0.165,0.1,"M","LU","","","","O","997","52","20.0"
MO2210040062SYUS2,"SY","653","Glyphosate","I",0.598,0.1,"M","LU","","","","O","997","52","20.0"
MO2210040076SYUS2,"SY","653","Glyphosate","I",0.517,0.1,"M","LU","","","","O","997","52","20.0"
MO2210040082SYUS2,"SY","653","Glyphosate","I",0.215,0.1,"M","LU","","","","O","997","52","20.0"
MO2210040146SYUS2,"SY","653","Glyphosate","I",0.537,0.1,"M","LU","","","","O","997","52","20.0"
MO2210040156SYUS2,"SY","653","Glyphosate","I",1.06,0.1,"M","LU","","","","O","997","52","20.0"
MO2210050022SYUS2,"SY","653","Glyphosate","I",0.17,0.1,"M","LU","","","","O","997","52","20.0"
MO2210050075SYUS2,"SY","653","Glyphosate","I",1,0.1,"M","LU","","","","O","997","52","20.0"
MO2210050077SYUS2,"SY","653","Glyphosate","I",0.889,0.1,"M","LU","","","","O","997","52","20.0"
MO2210060015SYUS2,"SY","653","Glyphosate","I",0.443,0.1,"M","LU","","","","O","997","52","20.0"
MO2210060016SYUS2,"SY","653","Glyphosate","I",1.39,0.1,"M","LU","","","","O","997","52","20.0"
MO2210060107SYUS2,"SY","653","Glyphosate","I",0.432,0.1,"M","LU","","","","O","997","52","20.0"
MO2210060115SYUS2,"SY","653","Glyphosate","I",0.375,0.1,"M","LU","","","","O","997","52","20.0"
MO2210060150SYUS2,"SY","653","Glyphosate","I",0.499,0.1,"M","LU","","","","O","997","52","20.0"
MO2210060185SYUS2,"SY","653","Glyphosate","I",2.2,0.1,"M","LU","","","","O","997","52","20.0"
MO2210070011SYUS2,"SY","653","Glyphosate","I",0.129,0.1,"M","LU","","","","O","997","52","20.0"
MO2210070012SYUS2,"SY","653","Glyphosate","I",2.89,0.1,"M","LU","","","","O","997","52","20.0"
MO2210070013SYUS2,"SY","653","Glyphosate","I",0.535,0.1,"M","LU","","","","O","997","52","20.0"
MO2210070014SYUS2,"SY","653","Glyphosate","I",2.46,0.1,"M","LU","","","","O","997","52","20.0"
MO2210070017SYUS2,"SY","653","Glyphosate","I",0.203,0.1,"M","LU","","","","O","997","52","20.0"
MO2210070018SYUS2,"SY","653","Glyphosate","I",0.105,0.1,"M","LU","","","","O","997","52","20.0"
MO2210070020SYUS2,"SY","653","Glyphosate","I",0.16,0.1,"M","LU","","","","O","997","52","20.0"
MO2210070023SYUS2,"SY","653","Glyphosate","I",0.124,0.1,"M","LU","","","","O","997","52","20.0"
MO2210070048SYUS2,"SY","653","Glyphosate","I",0.166,0.1,"M","LU","","","","O","997","52","20.0"
MO2210070059SYUS2,"SY","653","Glyphosate","I",1.63,0.1,"M","LU","","","","O","997","52","20.0"
MO2210070064SYUS2,"SY","653","Glyphosate","I",0.142,0.1,"M","LU","","","","O","997","52","20.0"
MO2210070065SYUS2,"SY","653","Glyphosate","I",0.372,0.1,"M","LU","","","","O","997","52","20.0"
MO2210070066SYUS2,"SY","653","Glyphosate","I",5.36,0.1,"M","LU","","","","O","997","52","20.0"
MO2210070067SYUS2,"SY","653","Glyphosate","I",0.146,0.1,"M","LU","","","","O","997","52","20.0"
MO2210070083SYUS2,"SY","653","Glyphosate","I",0.131,0.1,"M","LU","","","","O","997","52","20.0"
MO2210070087SYUS2,"SY","653","Glyphosate","I",3.71,0.1,"M","LU","","","","O","997","52","20.0"
MO2210070098SYUS2,"SY","653","Glyphosate","I",3.85,0.1,"M","LU","","","","O","997","52","20.0"
MO2210070104SYUS2,"SY","653","Glyphosate","I",3.72,0.1,"M","LU","","","","O","997","52","20.0"
MO2210080070SYUS2,"SY","653","Glyphosate","I",0.365,0.1,"M","LU","","","","O","997","52","20.0"
MO2210080079SYUS2,"SY","653","Glyphosate","I",0.502,0.1,"M","LU","","","","O","997","52","20.0"
MO2210080090SYUS2,"SY","653","Glyphosate","I",0.291,0.1,"M","LU","","","","O","997","52","20.0"
MO2210090069SYUS2,"SY","653","Glyphosate","I",0.439,0.1,"M","LU","","","","O","997","52","20.0"
MO2210090074SYUS2,"SY","653","Glyphosate","I",0.299,0.1,"M","LU","","","","O","997","52","20.0"
MO2210090080SYUS2,"SY","653","Glyphosate","I",0.249,0.1,"M","LU","","","","O","997","52","20.0"
MO2210090085SYUS2,"SY","653","Glyphosate","I",1.63,0.1,"M","LU","","","","O","997","52","20.0"
MO2210090093SYUS2,"SY","653","Glyphosate","I",1.06,0.1,"M","LU","","","","O","997","52","20.0"
MO2210090101SYUS2,"SY","653","Glyphosate","I",0.45,0.1,"M","LU","","","","O","997","52","20.0"
MO2210090183SYUS2,"SY","653","Glyphosate","I",0.526,0.1,"M","LU","","","","O","997","52","20.0"
MO2210090189SYUS2,"SY","653","Glyphosate","I",0.771,0.1,"M","LU","","","","O","997","52","20.0"
MO2210100081SYUS2,"SY","653","Glyphosate","I",0.191,0.1,"M","LU","","","","O","997","52","20.0"
MO2210100089SYUS2,"SY","653","Glyphosate","I",0.324,0.1,"M","LU","","","","O","997","52","20.0"
MO2210100100SYUS2,"SY","653","Glyphosate","I",0.346,0.1,"M","LU","","","","O","997","52","20.0"
MO2210100105SYUS2,"SY","653","Glyphosate","I",1.59,0.1,"M","LU","","","","O","997","52","20.0"
MO2210100106SYUS2,"SY","653","Glyphosate","I",0.446,0.1,"M","LU","","","","O","997","52","20.0"
MO2210100109SYUS2,"SY","653","Glyphosate","I",0.239,0.1,"M","LU","","","","O","997","52","20.0"
MO2210100111SYUS2,"SY","653","Glyphosate","I",0.467,0.1,"M","LU","","","","O","997","52","20.0"
MO2210100113SYUS2,"SY","653","Glyphosate","I",1.14,0.1,"M","LU","","","","O","997","52","20.0"
MO2210100190SYUS2,"SY","653","Glyphosate","I",1.27,0.1,"M","LU","","","","O","997","52","20.0"
MO2210110026SYUS2,"SY","653","Glyphosate","I",0.16,0.1,"M","LU","","","","O","997","52","20.0"
MO2210110027SYUS2,"SY","653","Glyphosate","I",0.211,0.1,"M","LU","","","","O","997","52","20.0"
MO2210110028SYUS2,"SY","653","Glyphosate","I",0.705,0.1,"M","LU","","","","O","997","52","20.0"
MO2210110032SYUS2,"SY","653","Glyphosate","I",0.214,0.1,"M","LU","","","","O","997","52","20.0"
MO2210110033SYUS2,"SY","653","Glyphosate","I",0.18,0.1,"M","LU","","","","O","997","52","20.0"
MO2210110035SYUS2,"SY","653","Glyphosate","I",0.319,0.1,"M","LU","","","","O","997","52","20.0"
MO2210110043SYUS2,"SY","653","Glyphosate","I",0.249,0.1,"M","LU","","","","O","997","52","20.0"
MO2210110086SYUS2,"SY","653","Glyphosate","I",0.662,0.1,"M","LU","","","","O","997","52","20.0"
MO2210110088SYUS2,"SY","653","Glyphosate","I",2.49,0.1,"M","LU","","","","O","997","52","20.0"
MO2210110092SYUS2,"SY","653","Glyphosate","I",0.142,0.1,"M","LU","","","","O","997","52","20.0"
MO2210110094SYUS2,"SY","653","Glyphosate","I",2.13,0.1,"M","LU","","","","O","997","52","20.0"
MO2210110095SYUS2,"SY","653","Glyphosate","I",0.202,0.1,"M","LU","","","","O","997","52","20.0"
MO2210110103SYUS2,"SY","653","Glyphosate","I",1.26,0.1,"M","LU","","","","O","997","52","20.0"
MO2210110112SYUS2,"SY","653","Glyphosate","I",1.68,0.1,"M","LU","","","","O","997","52","20.0"
MO2210110114SYUS2,"SY","653","Glyphosate","I",2.45,0.1,"M","LU","","","","O","997","52","20.0"
MO2210120001SYUS2,"SY","653","Glyphosate","I",0.167,0.1,"M","LU","","","","O","997","52","20.0"
MO2210120003SYUS2,"SY","653","Glyphosate","I",2.87,0.1,"M","LU","","","","O","997","52","20.0"
MO2210120006SYUS2,"SY","653","Glyphosate","I",0.348,0.1,"M","LU","","","","O","997","52","20.0"
MO2210120007SYUS2,"SY","653","Glyphosate","I",0.12,0.1,"M","LU","","","","O","997","52","20.0"
MO2210120008SYUS2,"SY","653","Glyphosate","I",0.165,0.1,"M","LU","","","","O","997","52","20.0"
MO2210120024SYUS2,"SY","653","Glyphosate","I",0.127,0.1,"M","LU","","","","O","997","52","20.0"
MO2210120025SYUS2,"SY","653","Glyphosate","I",0.111,0.1,"M","LU","","","","O","997","52","20.0"
MO2210120029SYUS2,"SY","653","Glyphosate","I",0.415,0.1,"M","LU","","","","O","997","52","20.0"
MO2210120030SYUS2,"SY","653","Glyphosate","I",0.798,0.1,"M","LU","","","","O","997","52","20.0"
MO2210120031SYUS2,"SY","653","Glyphosate","I",0.644,0.1,"M","LU","","","","O","997","52","20.0"
MO2210120036SYUS2,"SY","653","Glyphosate","I",0.264,0.1,"M","LU","","","","O","997","52","20.0"
MO2210120040SYUS2,"SY","653","Glyphosate","I",0.26,0.1,"M","LU","","","","O","997","52","20.0"
MO2210120041SYUS2,"SY","653","Glyphosate","I",0.102,0.1,"M","LU","","","","O","997","52","20.0"
MO2210120044SYUS2,"SY","653","Glyphosate","I",0.323,0.1,"M","LU","","","","O","997","52","20.0"
MO2210120096SYUS2,"SY","653","Glyphosate","I",0.587,0.1,"M","LU","","","","O","997","52","20.0"
MO2210120102SYUS2,"SY","653","Glyphosate","I",2.08,0.1,"M","LU","","","","O","997","52","20.0"
MO2210120110SYUS2,"SY","653","Glyphosate","I",0.653,0.1,"M","LU","","","","O","997","52","20.0"
MO2210120162SYUS2,"SY","653","Glyphosate","I",2.72,0.1,"M","LU","","","","O","997","52","20.0"
MO2210120163SYUS2,"SY","653","Glyphosate","I",0.482,0.1,"M","LU","","","","O","997","52","20.0"
MO2210120166SYUS2,"SY","653","Glyphosate","I",0.516,0.1,"M","LU","","","","O","997","52","20.0"
MO2210120182SYUS2,"SY","653","Glyphosate","I",2.49,0.1,"M","LU","","","","O","997","52","20.0"
MO2210120198SYUS2,"SY","653","Glyphosate","I",1.66,0.1,"M","LU","","","","O","997","52","20.0"
MO2210120199SYUS2,"SY","653","Glyphosate","I",2.32,0.1,"M","LU","","","","O","997","52","20.0"
MO2210120218SYUS2,"SY","653","Glyphosate","I",0.721,0.1,"M","LU","","","","O","997","52","20.0"
MO2210130108SYUS2,"SY","653","Glyphosate","I",1.23,0.1,"M","LU","","","","O","997","52","20.0"
MO2210130164SYUS2,"SY","653","Glyphosate","I",2.49,0.1,"M","LU","","","","O","997","52","20.0"
MO2210130169SYUS2,"SY","653","Glyphosate","I",2.45,0.1,"M","LU","","","","O","997","52","20.0"
MO2210130170SYUS2,"SY","653","Glyphosate","I",0.58,0.1,"M","LU","","","","O","997","52","20.0"
MO2210130181SYUS2,"SY","653","Glyphosate","I",0.453,0.1,"M","LU","","","","O","997","52","20.0"
MO2210130195SYUS2,"SY","653","Glyphosate","I",0.88,0.1,"M","LU","","","","O","997","52","20.0"
MO2210130226SYUS2,"SY","653","Glyphosate","I",0.981,0.1,"M","LU","","","","O","997","52","20.0"
MO2210130296SYUS2,"SY","653","Glyphosate","I",0.305,0.1,"M","LU","","","","O","997","52","20.0"
MO2210140161SYUS2,"SY","653","Glyphosate","I",1.58,0.1,"M","LU","","","","O","997","52","20.0"
MO2210140179SYUS2,"SY","653","Glyphosate","I",0.417,0.1,"M","LU","","","","O","997","52","20.0"
MO2210140188SYUS2,"SY","653","Glyphosate","I",1.98,0.1,"M","LU","","","","O","997","52","20.0"
MO2210140191SYUS2,"SY","653","Glyphosate","I",1.02,0.1,"M","LU","","","","O","997","52","20.0"
MO2210140197SYUS2,"SY","653","Glyphosate","I",0.775,0.1,"M","LU","","","","O","997","52","20.0"
MO2210140203SYUS2,"SY","653","Glyphosate","I",0.146,0.1,"M","LU","","","","O","997","52","20.0"
MO2210140206SYUS2,"SY","653","Glyphosate","I",0.137,0.1,"M","LU","","","","O","997","52","20.0"
MO2210140208SYUS2,"SY","653","Glyphosate","I",0.137,0.1,"M","LU","","","","O","997","52","20.0"
MO2210140228SYUS2,"SY","653","Glyphosate","I",0.981,0.1,"M","LU","","","","O","997","52","20.0"
MO2210140231SYUS2,"SY","653","Glyphosate","I",3,0.1,"M","LU","","","","O","997","52","20.0"
MO2210140307SYUS2,"SY","653","Glyphosate","I",0.967,0.1,"M","LU","","","","O","997","52","20.0"
MO2210150157SYUS2,"SY","653","Glyphosate","I",1.67,0.1,"M","LU","","","","O","997","52","20.0"
MO2210150167SYUS2,"SY","653","Glyphosate","I",1.87,0.1,"M","LU","","","","O","997","52","20.0"
MO2210150184SYUS2,"SY","653","Glyphosate","I",0.319,0.1,"M","LU","","","","O","997","52","20.0"
MO2210150201SYUS2,"SY","653","Glyphosate","I",0.291,0.1,"M","LU","","","","O","997","52","20.0"
MO2210150298SYUS2,"SY","653","Glyphosate","I",1.44,0.1,"M","LU","","","","O","997","52","20.0"
MO2210160171SYUS2,"SY","653","Glyphosate","I",0.215,0.1,"M","LU","","","","O","997","52","20.0"
MO2210160193SYUS2,"SY","653","Glyphosate","I",0.196,0.1,"M","LU","","","","O","997","52","20.0"
MO2210160196SYUS2,"SY","653","Glyphosate","I",0.866,0.1,"M","LU","","","","O","997","52","20.0"
MO2210160215SYUS2,"SY","653","Glyphosate","I",0.136,0.1,"M","LU","","","","O","997","52","20.0"
MO2210160229SYUS2,"SY","653","Glyphosate","I",0.326,0.1,"M","LU","","","","O","997","52","20.0"
MO2210170165SYUS2,"SY","653","Glyphosate","I",1.58,0.1,"M","LU","","","","O","997","52","20.0"
MO2210170177SYUS2,"SY","653","Glyphosate","I",0.274,0.1,"M","LU","","","","O","997","52","20.0"
MO2210170207SYUS2,"SY","653","Glyphosate","I",0.931,0.1,"M","LU","","","","O","997","52","20.0"
MO2210170284SYUS2,"SY","653","Glyphosate","I",1.48,0.1,"M","LU","","","","O","997","52","20.0"
MO2210170295SYUS2,"SY","653","Glyphosate","I",0.258,0.1,"M","LU","","","","O","997","52","20.0"
MO2210170297SYUS2,"SY","653","Glyphosate","I",0.926,0.1,"M","LU","","","","O","997","52","20.0"
MO2210170299SYUS2,"SY","653","Glyphosate","I",0.647,0.1,"M","LU","","","","O","997","52","20.0"
MO2210170328SYUS2,"SY","653","Glyphosate","I",0.811,0.1,"M","LU","","","","O","997","52","20.0"
MO2210170408SYUS2,"SY","653","Glyphosate","I",0.606,0.1,"M","LU","","","","O","997","52","20.0"
MO2210180187SYUS2,"SY","653","Glyphosate","I",2.95,0.1,"M","LU","","","","O","997","52","20.0"
MO2210180202SYUS2,"SY","653","Glyphosate","I",2.04,0.1,"M","LU","","","","O","997","52","20.0"
MO2210180204SYUS2,"SY","653","Glyphosate","I",4.5,0.1,"M","LU","","","","O","997","52","20.0"
MO2210180205SYUS2,"SY","653","Glyphosate","I",0.121,0.1,"M","LU","","","","O","997","52","20.0"
MO2210180213SYUS2,"SY","653","Glyphosate","I",0.203,0.1,"M","LU","","","","O","997","52","20.0"
MO2210190160SYUS2,"SY","653","Glyphosate","I",0.482,0.1,"M","LU","","","","O","997","52","20.0"
MO2210190238SYUS2,"SY","653","Glyphosate","I",0.467,0.1,"M","LU","","","","O","997","52","20.0"
MO2210190239SYUS2,"SY","653","Glyphosate","I",0.272,0.1,"M","LU","","","","O","997","52","20.0"
MO2210190301SYUS2,"SY","653","Glyphosate","I",1.29,0.1,"M","LU","","","","O","997","52","20.0"
MO2210200186SYUS2,"SY","653","Glyphosate","I",0.43,0.1,"M","LU","","","","O","997","52","20.0"
MO2210200209SYUS2,"SY","653","Glyphosate","I",0.37,0.1,"M","LU","","","","O","997","52","20.0"
MO2210200211SYUS2,"SY","653","Glyphosate","I",0.458,0.1,"M","LU","","","","O","997","52","20.0"
MO2210200212SYUS2,"SY","653","Glyphosate","I",0.688,0.1,"M","LU","","","","O","997","52","20.0"
MO2210200220SYUS2,"SY","653","Glyphosate","I",0.406,0.1,"M","LU","","","","O","997","52","20.0"
MO2210200227SYUS2,"SY","653","Glyphosate","I",0.721,0.1,"M","LU","","","","O","997","52","20.0"
MO2210200240SYUS2,"SY","653","Glyphosate","I",0.877,0.1,"M","LU","","","","O","997","52","20.0"
MO2210200300SYUS2,"SY","653","Glyphosate","I",0.889,0.1,"M","LU","","","","O","997","52","20.0"
MO2210200308SYUS2,"SY","653","Glyphosate","I",0.75,0.1,"M","LU","","","","O","997","52","20.0"
MO2210200344SYUS2,"SY","653","Glyphosate","I",1.06,0.1,"M","LU","","","","O","997","52","20.0"
MO2210210173SYUS2,"SY","653","Glyphosate","I",1.02,0.1,"M","LU","","","","O","997","52","20.0"
MO2210210174SYUS2,"SY","653","Glyphosate","I",1.11,0.1,"M","LU","","","","O","997","52","20.0"
MO2210210178SYUS2,"SY","653","Glyphosate","I",1.21,0.1,"M","LU","","","","O","997","52","20.0"
MO2210210192SYUS2,"SY","653","Glyphosate","I",1.68,0.1,"M","LU","","","","O","997","52","20.0"
MO2210210244SYUS2,"SY","653","Glyphosate","I",0.846,0.1,"M","LU","","","","O","997","52","20.0"
MO2210210411SYUS2,"SY","653","Glyphosate","I",1.07,0.1,"M","LU","","","","O","997","52","20.0"
MO2210220216SYUS2,"SY","653","Glyphosate","I",0.201,0.1,"M","LU","","","","O","997","52","20.0"
MO2210220217SYUS2,"SY","653","Glyphosate","I",0.101,0.1,"M","LU","","","","O","997","52","20.0"
MO2210220224SYUS2,"SY","653","Glyphosate","I",0.44,0.1,"M","LU","","","","O","997","52","20.0"
MO2210220241SYUS2,"SY","653","Glyphosate","I",0.217,0.1,"M","LU","","","","O","997","52","20.0"
MO2210220245SYUS2,"SY","653","Glyphosate","I",1.01,0.1,"M","LU","","","","O","997","52","20.0"
MO2210230175SYUS2,"SY","653","Glyphosate","I",0.475,0.1,"M","LU","","","","O","997","52","20.0"
MO2210230176SYUS2,"SY","653","Glyphosate","I",0.273,0.1,"M","LU","","","","O","997","52","20.0"
MO2210230222SYUS2,"SY","653","Glyphosate","I",0.288,0.1,"M","LU","","","","O","997","52","20.0"
MO2210230223SYUS2,"SY","653","Glyphosate","I",6.32,0.1,"M","LU","","","","O","997","52","20.0"
MO2210230242SYUS2,"SY","653","Glyphosate","I",6.02,0.1,"M","LU","","","","O","997","52","20.0"
MO2210230243SYUS2,"SY","653","Glyphosate","I",0.188,0.1,"M","LU","","","","O","997","52","20.0"
MO2210240246SYUS2,"SY","653","Glyphosate","I",0.22,0.1,"M","LU","","","","O","997","52","20.0"
MO2210240257SYUS2,"SY","653","Glyphosate","I",1.36,0.1,"M","LU","","","","O","997","52","20.0"
MO2210240303SYUS2,"SY","653","Glyphosate","I",0.345,0.1,"M","LU","","","","O","997","52","20.0"
MO2210250247SYUS2,"SY","653","Glyphosate","I",0.256,0.1,"M","LU","","","","O","997","52","20.0"
MO2210250248SYUS2,"SY","653","Glyphosate","I",1.45,0.1,"M","LU","","","","O","997","52","20.0"
MO2210250255SYUS2,"SY","653","Glyphosate","I",0.269,0.1,"M","LU","","","","O","997","52","20.0"
MO2210250262SYUS2,"SY","653","Glyphosate","I",0.526,0.1,"M","LU","","","","O","997","52","20.0"
MO2210260249SYUS2,"SY","653","Glyphosate","I",0.536,0.1,"M","LU","","","","O","997","52","20.0"
MO2210260250SYUS2,"SY","653","Glyphosate","I",0.128,0.1,"M","LU","","","","O","997","52","20.0"
MO2210260251SYUS2,"SY","653","Glyphosate","I",0.137,0.1,"M","LU","","","","O","997","52","20.0"
MO2210260253SYUS2,"SY","653","Glyphosate","I",0.133,0.1,"M","LU","","","","O","997","52","20.0"
MO2210260254SYUS2,"SY","653","Glyphosate","I",0.325,0.1,"M","LU","","","","O","997","52","20.0"
MO2210260258SYUS2,"SY","653","Glyphosate","I",0.674,0.1,"M","LU","","","","O","997","52","20.0"
MO2210260260SYUS2,"SY","653","Glyphosate","I",0.48,0.1,"M","LU","","","","O","997","52","20.0"
MO2210260265SYUS2,"SY","653","Glyphosate","I",1.34,0.1,"M","LU","","","","O","997","52","20.0"
MO2210260270SYUS2,"SY","653","Glyphosate","I",2.85,0.1,"M","LU","","","","O","997","52","20.0"
MO2210260272SYUS2,"SY","653","Glyphosate","I",0.531,0.1,"M","LU","","","","O","997","52","20.0"
MO2210260318SYUS2,"SY","653","Glyphosate","I",0.931,0.1,"M","LU","","","","O","997","52","20.0"
MO2210260320SYUS2,"SY","653","Glyphosate","I",0.78,0.1,"M","LU","","","","O","997","52","20.0"
MO2210260454SYUS2,"SY","653","Glyphosate","I",0.224,0.1,"M","LU","","","","O","997","52","20.0"
MO2210270252SYUS2,"SY","653","Glyphosate","I",0.137,0.1,"M","LU","","","","O","997","52","20.0"
MO2210270261SYUS2,"SY","653","Glyphosate","I",2.18,0.1,"M","LU","","","","O","997","52","20.0"
MO2210270263SYUS2,"SY","653","Glyphosate","I",0.997,0.1,"M","LU","","","","O","997","52","20.0"
MO2210270264SYUS2,"SY","653","Glyphosate","I",0.432,0.1,"M","LU","","","","O","997","52","20.0"
MO2210270266SYUS2,"SY","653","Glyphosate","I",1.14,0.1,"M","LU","","","","O","997","52","20.0"
MO2210270267SYUS2,"SY","653","Glyphosate","I",1.47,0.1,"M","LU","","","","O","997","52","20.0"
MO2210270268SYUS2,"SY","653","Glyphosate","I",0.294,0.1,"M","LU","","","","O","997","52","20.0"
MO2210270269SYUS2,"SY","653","Glyphosate","I",0.781,0.1,"M","LU","","","","O","997","52","20.0"
MO2210270273SYUS2,"SY","653","Glyphosate","I",1.02,0.1,"M","LU","","","","O","997","52","20.0"
MO2210270274SYUS2,"SY","653","Glyphosate","I",1.21,0.1,"M","LU","","","","O","997","52","20.0"
MO2210270304SYUS2,"SY","653","Glyphosate","I",0.67,0.1,"M","LU","","","","O","997","52","20.0"
MO2210280271SYUS2,"SY","653","Glyphosate","I",1.84,0.1,"M","LU","","","","O","997","52","20.0"
MO2210280275SYUS2,"SY","653","Glyphosate","I",0.105,0.1,"M","LU","","","","O","997","52","20.0"
MO2210280276SYUS2,"SY","653","Glyphosate","I",0.241,0.1,"M","LU","","","","O","997","52","20.0"
MO2210280277SYUS2,"SY","653","Glyphosate","I",1.25,0.1,"M","LU","","","","O","997","52","20.0"
MO2210280279SYUS2,"SY","653","Glyphosate","I",0.126,0.1,"M","LU","","","","O","997","52","20.0"
MO2210280280SYUS2,"SY","653","Glyphosate","I",0.12,0.1,"M","LU","","","","O","997","52","20.0"
MO2210280282SYUS2,"SY","653","Glyphosate","I",0.535,0.1,"M","LU","","","","O","997","52","20.0"
MO2210290286SYUS2,"SY","653","Glyphosate","I",2.73,0.1,"M","LU","","","","O","997","52","20.0"
MO2210290310SYUS2,"SY","653","Glyphosate","I",0.235,0.1,"M","LU","","","","O","997","52","20.0"
MO2210290312SYUS2,"SY","653","Glyphosate","I",1.81,0.1,"M","LU","","","","O","997","52","20.0"
MO2210290314SYUS2,"SY","653","Glyphosate","I",0.448,0.1,"M","LU","","","","O","997","52","20.0"
MO2210300237SYUS2,"SY","653","Glyphosate","I",0.625,0.1,"M","LU","","","","O","997","52","20.0"
MO2210300283SYUS2,"SY","653","Glyphosate","I",1.1,0.1,"M","LU","","","","O","997","52","20.0"
MO2210300285SYUS2,"SY","653","Glyphosate","I",0.524,0.1,"M","LU","","","","O","997","52","20.0"
MO2210300311SYUS2,"SY","653","Glyphosate","I",1.24,0.1,"M","LU","","","","O","997","52","20.0"
MO2210310221SYUS2,"SY","653","Glyphosate","I",2.03,0.1,"M","LU","","","","O","997","52","20.0"
MO2210310225SYUS2,"SY","653","Glyphosate","I",1.59,0.1,"M","LU","","","","O","997","52","20.0"
MO2210310233SYUS2,"SY","653","Glyphosate","I",1.3,0.1,"M","LU","","","","O","997","52","20.0"
MO2210310287SYUS2,"SY","653","Glyphosate","I",0.241,0.1,"M","LU","","","","O","997","52","20.0"
MO2210310289SYUS2,"SY","653","Glyphosate","I",1.58,0.1,"M","LU","","","","O","997","52","20.0"
MO2210310290SYUS2,"SY","653","Glyphosate","I",0.435,0.1,"M","LU","","","","O","997","52","20.0"
MO2210310292SYUS2,"SY","653","Glyphosate","I",0.674,0.1,"M","LU","","","","O","997","52","20.0"
MO2210310309SYUS2,"SY","653","Glyphosate","I",0.512,0.1,"M","LU","","","","O","997","52","20.0"
MO2211010291SYUS2,"SY","653","Glyphosate","I",3.26,0.1,"M","LU","","","","O","997","52","20.0"
MO2211010313SYUS2,"SY","653","Glyphosate","I",0.563,0.1,"M","LU","","","","O","997","52","20.0"
MO2211010321SYUS2,"SY","653","Glyphosate","I",2.51,0.1,"M","LU","","","","O","997","52","20.0"
MO2211010323SYUS2,"SY","653","Glyphosate","I",0.774,0.1,"M","LU","","","","O","997","52","20.0"
MO2211010324SYUS2,"SY","653","Glyphosate","I",1.11,0.1,"M","LU","","","","O","997","52","20.0"
MO2211010337SYUS2,"SY","653","Glyphosate","I",0.339,0.1,"M","LU","","","","O","997","52","20.0"
MO2211010349SYUS2,"SY","653","Glyphosate","I",0.558,0.1,"M","LU","","","","O","997","52","20.0"
MO2211020210SYUS2,"SY","653","Glyphosate","I",1.99,0.1,"M","LU","","","","O","997","52","20.0"
MO2211020234SYUS2,"SY","653","Glyphosate","I",1.44,0.1,"M","LU","","","","O","997","52","20.0"
MO2211020235SYUS2,"SY","653","Glyphosate","I",1.66,0.1,"M","LU","","","","O","997","52","20.0"
MO2211020236SYUS2,"SY","653","Glyphosate","I",2.57,0.1,"M","LU","","","","O","997","52","20.0"
MO2211020293SYUS2,"SY","653","Glyphosate","I",0.274,0.1,"M","LU","","","","O","997","52","20.0"
MO2211020317SYUS2,"SY","653","Glyphosate","I",0.158,0.1,"M","LU","","","","O","997","52","20.0"
MO2211020330SYUS2,"SY","653","Glyphosate","I",0.629,0.1,"M","LU","","","","O","997","52","20.0"
MO2211020346SYUS2,"SY","653","Glyphosate","I",0.118,0.1,"M","LU","","","","O","997","52","20.0"
MO2211020353SYUS2,"SY","653","Glyphosate","I",0.605,0.1,"M","LU","","","","O","997","52","20.0"
MO2211020493SYUS2,"SY","653","Glyphosate","I",0.153,0.1,"M","LU","","","","O","997","52","20.0"
MO2211030294SYUS2,"SY","653","Glyphosate","I",0.357,0.1,"M","LU","","","","O","997","52","20.0"
MO2211030315SYUS2,"SY","653","Glyphosate","I",0.668,0.1,"M","LU","","","","O","997","52","20.0"
MO2211030316SYUS2,"SY","653","Glyphosate","I",0.364,0.1,"M","LU","","","","O","997","52","20.0"
MO2211030319SYUS2,"SY","653","Glyphosate","I",0.251,0.1,"M","LU","","","","O","997","52","20.0"
MO2211030336SYUS2,"SY","653","Glyphosate","I",0.363,0.1,"M","LU","","","","O","997","52","20.0"
MO2211030341SYUS2,"SY","653","Glyphosate","I",0.149,0.1,"M","LU","","","","O","997","52","20.0"
MO2211030342SYUS2,"SY","653","Glyphosate","I",0.598,0.1,"M","LU","","","","O","997","52","20.0"
MO2211030343SYUS2,"SY","653","Glyphosate","I",2.87,0.1,"M","LU","","","","O","997","52","20.0"
MO2211030348SYUS2,"SY","653","Glyphosate","I",0.348,0.1,"M","LU","","","","O","997","52","20.0"
MO2211030354SYUS2,"SY","653","Glyphosate","I",2.87,0.1,"M","LU","","","","O","997","52","20.0"
MO2211030365SYUS2,"SY","653","Glyphosate","I",1.77,0.1,"M","LU","","","","O","997","52","20.0"
MO2211040326SYUS2,"SY","653","Glyphosate","I",0.144,0.1,"M","LU","","","","O","997","52","20.0"
MO2211040329SYUS2,"SY","653","Glyphosate","I",2.98,0.1,"M","LU","","","","O","997","52","20.0"
MO2211040334SYUS2,"SY","653","Glyphosate","I",0.696,0.1,"M","LU","","","","O","997","52","20.0"
MO2211040338SYUS2,"SY","653","Glyphosate","I",0.593,0.1,"M","LU","","","","O","997","52","20.0"
MO2211040345SYUS2,"SY","653","Glyphosate","I",0.372,0.1,"M","LU","","","","O","997","52","20.0"
MO2211040347SYUS2,"SY","653","Glyphosate","I",0.357,0.1,"M","LU","","","","O","997","52","20.0"
MO2211040525SYUS2,"SY","653","Glyphosate","I",1.33,0.1,"M","LU","","","","O","997","52","20.0"
MO2211050362SYUS2,"SY","653","Glyphosate","I",1.16,0.1,"M","LU","","","","O","997","52","20.0"
MO2211050371SYUS2,"SY","653","Glyphosate","I",1.44,0.1,"M","LU","","","","O","997","52","20.0"
MO2211050380SYUS2,"SY","653","Glyphosate","I",1.17,0.1,"M","LU","","","","O","997","52","20.0"
MO2211050492SYUS2,"SY","653","Glyphosate","I",0.214,0.1,"M","LU","","","","O","997","52","20.0"
MO2211060322SYUS2,"SY","653","Glyphosate","I",0.154,0.1,"M","LU","","","","O","997","52","20.0"
MO2211060325SYUS2,"SY","653","Glyphosate","I",0.104,0.1,"M","LU","","","","O","997","52","20.0"
MO2211060332SYUS2,"SY","653","Glyphosate","I",0.187,0.1,"M","LU","","","","O","997","52","20.0"
MO2211060358SYUS2,"SY","653","Glyphosate","I",0.144,0.1,"M","LU","","","","O","997","52","20.0"
MO2211070327SYUS2,"SY","653","Glyphosate","I",1,0.1,"M","LU","","","","O","997","52","20.0"
MO2211070331SYUS2,"SY","653","Glyphosate","I",0.252,0.1,"M","LU","","","","O","997","52","20.0"
MO2211070335SYUS2,"SY","653","Glyphosate","I",0.118,0.1,"M","LU","","","","O","997","52","20.0"
MO2211070367SYUS2,"SY","653","Glyphosate","I",0.141,0.1,"M","LU","","","","O","997","52","20.0"
MO2211070428SYUS2,"SY","653","Glyphosate","I",1.55,0.1,"M","LU","","","","O","997","52","20.0"
MO2211070508SYUS2,"SY","653","Glyphosate","I",0.315,0.1,"M","LU","","","","O","997","52","20.0"
MO2211080333SYUS2,"SY","653","Glyphosate","I",0.7,0.1,"M","LU","","","","O","997","52","20.0"
MO2211080340SYUS2,"SY","653","Glyphosate","I",0.742,0.1,"M","LU","","","","O","997","52","20.0"
MO2211080351SYUS2,"SY","653","Glyphosate","I",0.735,0.1,"M","LU","","","","O","997","52","20.0"
MO2211080352SYUS2,"SY","653","Glyphosate","I",0.149,0.1,"M","LU","","","","O","997","52","20.0"
MO2211080359SYUS2,"SY","653","Glyphosate","I",0.798,0.1,"M","LU","","","","O","997","52","20.0"
MO2211080364SYUS2,"SY","653","Glyphosate","I",0.206,0.1,"M","LU","","","","O","997","52","20.0"
MO2211080456SYUS2,"SY","653","Glyphosate","I",0.217,0.1,"M","LU","","","","O","997","52","20.0"
MO2211090360SYUS2,"SY","653","Glyphosate","I",4.36,0.1,"M","LU","","","","O","997","52","20.0"
MO2211090366SYUS2,"SY","653","Glyphosate","I",1.09,0.1,"M","LU","","","","O","997","52","20.0"
MO2211090374SYUS2,"SY","653","Glyphosate","I",3.57,0.1,"M","LU","","","","O","997","52","20.0"
MO2211090383SYUS2,"SY","653","Glyphosate","I",1.78,0.1,"M","LU","","","","O","997","52","20.0"
MO2211090385SYUS2,"SY","653","Glyphosate","I",2.66,0.1,"M","LU","","","","O","997","52","20.0"
MO2211090386SYUS2,"SY","653","Glyphosate","I",1.65,0.1,"M","LU","","","","O","997","52","20.0"
MO2211090400SYUS2,"SY","653","Glyphosate","I",0.2,0.1,"M","LU","","","","O","997","52","20.0"
MO2211090430SYUS2,"SY","653","Glyphosate","I",0.257,0.1,"M","LU","","","","O","997","52","20.0"
MO2211100357SYUS2,"SY","653","Glyphosate","I",3.04,0.1,"M","LU","","","","O","997","52","20.0"
MO2211100363SYUS2,"SY","653","Glyphosate","I",4.22,0.1,"M","LU","","","","O","997","52","20.0"
MO2211100368SYUS2,"SY","653","Glyphosate","I",1.65,0.1,"M","LU","","","","O","997","52","20.0"
MO2211100381SYUS2,"SY","653","Glyphosate","I",4.25,0.1,"M","LU","","","","O","997","52","20.0"
MO2211100384SYUS2,"SY","653","Glyphosate","I",1.08,0.1,"M","LU","","","","O","997","52","20.0"
MO2211100391SYUS2,"SY","653","Glyphosate","I",0.89,0.1,"M","LU","","","","O","997","52","20.0"
MO2211100416SYUS2,"SY","653","Glyphosate","I",0.147,0.1,"M","LU","","","","O","997","52","20.0"
MO2211110356SYUS2,"SY","653","Glyphosate","I",0.371,0.1,"M","LU","","","","O","997","52","20.0"
MO2211110370SYUS2,"SY","653","Glyphosate","I",0.26,0.1,"M","LU","","","","O","997","52","20.0"
MO2211110373SYUS2,"SY","653","Glyphosate","I",0.892,0.1,"M","LU","","","","O","997","52","20.0"
MO2211110375SYUS2,"SY","653","Glyphosate","I",3.11,0.1,"M","LU","","","","O","997","52","20.0"
MO2211110376SYUS2,"SY","653","Glyphosate","I",0.132,0.1,"M","LU","","","","O","997","52","20.0"
MO2211110378SYUS2,"SY","653","Glyphosate","I",0.166,0.1,"M","LU","","","","O","997","52","20.0"
MO2211110436SYUS2,"SY","653","Glyphosate","I",0.584,0.1,"M","LU","","","","O","997","52","20.0"
MO2211120355SYUS2,"SY","653","Glyphosate","I",1.07,0.1,"M","LU","","","","O","997","52","20.0"
MO2211120387SYUS2,"SY","653","Glyphosate","I",0.144,0.1,"M","LU","","","","O","997","52","20.0"
MO2211120398SYUS2,"SY","653","Glyphosate","I",1.434,0.1,"M","LU","","","","O","997","52","20.0"
MO2211120409SYUS2,"SY","653","Glyphosate","I",0.307,0.1,"M","LU","","","","O","997","52","20.0"
MO2211130369SYUS2,"SY","653","Glyphosate","I",0.141,0.1,"M","LU","","","","O","997","52","20.0"
MO2211130372SYUS2,"SY","653","Glyphosate","I",0.189,0.1,"M","LU","","","","O","997","52","20.0"
MO2211130377SYUS2,"SY","653","Glyphosate","I",0.779,0.1,"M","LU","","","","O","997","52","20.0"
MO2211130382SYUS2,"SY","653","Glyphosate","I",0.216,0.1,"M","LU","","","","O","997","52","20.0"
MO2211130392SYUS2,"SY","653","Glyphosate","I",3.74,0.1,"M","LU","","","","O","997","52","20.0"
MO2211130395SYUS2,"SY","653","Glyphosate","I",0.902,0.1,"M","LU","","","","O","997","52","20.0"
MO2211140406SYUS2,"SY","653","Glyphosate","I",0.466,0.1,"M","LU","","","","O","997","52","20.0"
MO2211140423SYUS2,"SY","653","Glyphosate","I",1.56,0.1,"M","LU","","","","O","997","52","20.0"
MO2211140425SYUS2,"SY","653","Glyphosate","I",0.966,0.1,"M","LU","","","","O","997","52","20.0"
MO2211140438SYUS2,"SY","653","Glyphosate","I",0.665,0.1,"M","LU","","","","O","997","52","20.0"
MO2211150388SYUS2,"SY","653","Glyphosate","I",0.255,0.1,"M","LU","","","","O","997","52","20.0"
MO2211150397SYUS2,"SY","653","Glyphosate","I",0.385,0.1,"M","LU","","","","O","997","52","20.0"
MO2211150404SYUS2,"SY","653","Glyphosate","I",2.02,0.1,"M","LU","","","","O","997","52","20.0"
MO2211150410SYUS2,"SY","653","Glyphosate","I",0.326,0.1,"M","LU","","","","O","997","52","20.0"
MO2211150432SYUS2,"SY","653","Glyphosate","I",1.7,0.1,"M","LU","","","","O","997","52","20.0"
MO2211150437SYUS2,"SY","653","Glyphosate","I",1.18,0.1,"M","LU","","","","O","997","52","20.0"
MO2211160389SYUS2,"SY","653","Glyphosate","I",1.43,0.1,"M","LU","","","","O","997","52","20.0"
MO2211160390SYUS2,"SY","653","Glyphosate","I",0.196,0.1,"M","LU","","","","O","997","52","20.0"
MO2211160396SYUS2,"SY","653","Glyphosate","I",0.92,0.1,"M","LU","","","","O","997","52","20.0"
MO2211160401SYUS2,"SY","653","Glyphosate","I",2.59,0.1,"M","LU","","","","O","997","52","20.0"
MO2211160407SYUS2,"SY","653","Glyphosate","I",1.13,0.1,"M","LU","","","","O","997","52","20.0"
MO2211160418SYUS2,"SY","653","Glyphosate","I",0.986,0.1,"M","LU","","","","O","997","52","20.0"
MO2211160422SYUS2,"SY","653","Glyphosate","I",1.19,0.1,"M","LU","","","","O","997","52","20.0"
MO2211160431SYUS2,"SY","653","Glyphosate","I",0.205,0.1,"M","LU","","","","O","997","52","20.0"
MO2211170413SYUS2,"SY","653","Glyphosate","I",0.616,0.1,"M","LU","","","","O","997","52","20.0"
MO2211170420SYUS2,"SY","653","Glyphosate","I",0.647,0.1,"M","LU","","","","O","997","52","20.0"
MO2211170439SYUS2,"SY","653","Glyphosate","I",0.361,0.1,"M","LU","","","","O","997","52","20.0"
MO2211180402SYUS2,"SY","653","Glyphosate","I",1.14,0.1,"M","LU","","","","O","997","52","20.0"
MO2211180421SYUS2,"SY","653","Glyphosate","I",0.9,0.1,"M","LU","","","","O","997","52","20.0"
MO2211180427SYUS2,"SY","653","Glyphosate","I",0.469,0.1,"M","LU","","","","O","997","52","20.0"
MO2211180434SYUS2,"SY","653","Glyphosate","I",2.23,0.1,"M","LU","","","","O","997","52","20.0"
MO2211190414SYUS2,"SY","653","Glyphosate","I",0.322,0.1,"M","LU","","","","O","997","52","20.0"
MO2211190419SYUS2,"SY","653","Glyphosate","I",0.166,0.1,"M","LU","","","","O","997","52","20.0"
MO2211190424SYUS2,"SY","653","Glyphosate","I",0.148,0.1,"M","LU","","","","O","997","52","20.0"
MO2211190426SYUS2,"SY","653","Glyphosate","I",1.07,0.1,"M","LU","","","","O","997","52","20.0"
MO2211190433SYUS2,"SY","653","Glyphosate","I",0.14,0.1,"M","LU","","","","O","997","52","20.0"
MO2211190435SYUS2,"SY","653","Glyphosate","I",1.38,0.1,"M","LU","","","","O","997","52","20.0"
MO2211190440SYUS2,"SY","653","Glyphosate","I",0.382,0.1,"M","LU","","","","O","997","52","20.0"
MO2211190441SYUS2,"SY","653","Glyphosate","I",1.27,0.1,"M","LU","","","","O","997","52","20.0"
MO2211190443SYUS2,"SY","653","Glyphosate","I",0.715,0.1,"M","LU","","","","O","997","52","20.0"
MO2211190445SYUS2,"SY","653","Glyphosate","I",0.709,0.1,"M","LU","","","","O","997","52","20.0"
MO2211200393SYUS2,"SY","653","Glyphosate","I",1.41,0.1,"M","LU","","","","O","997","52","20.0"
MO2211200405SYUS2,"SY","653","Glyphosate","I",1.21,0.1,"M","LU","","","","O","997","52","20.0"
MO2211200412SYUS2,"SY","653","Glyphosate","I",0.315,0.1,"M","LU","","","","O","997","52","20.0"
MO2211210415SYUS2,"SY","653","Glyphosate","I",0.613,0.1,"M","LU","","","","O","997","52","20.0"
MO2211210417SYUS2,"SY","653","Glyphosate","I",1.14,0.1,"M","LU","","","","O","997","52","20.0"
MO2211210444SYUS2,"SY","653","Glyphosate","I",0.403,0.1,"M","LU","","","","O","997","52","20.0"
MO2211210448SYUS2,"SY","653","Glyphosate","I",1.04,0.1,"M","LU","","","","O","997","52","20.0"
MO2211210451SYUS2,"SY","653","Glyphosate","I",0.948,0.1,"M","LU","","","","O","997","52","20.0"
MO2211210462SYUS2,"SY","653","Glyphosate","I",0.206,0.1,"M","LU","","","","O","997","52","20.0"
MO2211210466SYUS2,"SY","653","Glyphosate","I",1.1,0.1,"M","LU","","","","O","997","52","20.0"
MO2211220458SYUS2,"SY","653","Glyphosate","I",1.16,0.1,"M","LU","","","","O","997","52","20.0"
MO2211220459SYUS2,"SY","653","Glyphosate","I",0.948,0.1,"M","LU","","","","O","997","52","20.0"
MO2211220463SYUS2,"SY","653","Glyphosate","I",0.164,0.1,"M","LU","","","","O","997","52","20.0"
MO2211220464SYUS2,"SY","653","Glyphosate","I",0.178,0.1,"M","LU","","","","O","997","52","20.0"
MO2211220475SYUS2,"SY","653","Glyphosate","I",0.142,0.1,"M","LU","","","","O","997","52","20.0"
MO2211220479SYUS2,"SY","653","Glyphosate","I",0.225,0.1,"M","LU","","","","O","997","52","20.0"
MO2211220504SYUS2,"SY","653","Glyphosate","I",0.491,0.1,"M","LU","","","","O","997","52","20.0"
MO2211220509SYUS2,"SY","653","Glyphosate","I",0.226,0.1,"M","LU","","","","O","997","52","20.0"
MO2211230446SYUS2,"SY","653","Glyphosate","I",0.18,0.1,"M","LU","","","","O","997","52","20.0"
MO2211230449SYUS2,"SY","653","Glyphosate","I",0.205,0.1,"M","LU","","","","O","997","52","20.0"
MO2211230452SYUS2,"SY","653","Glyphosate","I",1.27,0.1,"M","LU","","","","O","997","52","20.0"
MO2211230469SYUS2,"SY","653","Glyphosate","I",0.684,0.1,"M","LU","","","","O","997","52","20.0"
MO2211230472SYUS2,"SY","653","Glyphosate","I",0.134,0.1,"M","LU","","","","O","997","52","20.0"
MO2211230478SYUS2,"SY","653","Glyphosate","I",0.312,0.1,"M","LU","","","","O","997","52","20.0"
MO2211230491SYUS2,"SY","653","Glyphosate","I",0.17,0.1,"M","LU","","","","O","997","52","20.0"
MO2211230494SYUS2,"SY","653","Glyphosate","I",0.184,0.1,"M","LU","","","","O","997","52","20.0"
MO2211230498SYUS2,"SY","653","Glyphosate","I",1.48,0.1,"M","LU","","","","O","997","52","20.0"
MO2211250460SYUS2,"SY","653","Glyphosate","I",0.592,0.1,"M","LU","","","","O","997","52","20.0"
MO2211250467SYUS2,"SY","653","Glyphosate","I",0.215,0.1,"M","LU","","","","O","997","52","20.0"
MO2211250468SYUS2,"SY","653","Glyphosate","I",1.48,0.1,"M","LU","","","","O","997","52","20.0"
MO2211250476SYUS2,"SY","653","Glyphosate","I",0.204,0.1,"M","LU","","","","O","997","52","20.0"
MO2211250484SYUS2,"SY","653","Glyphosate","I",0.24,0.1,"M","LU","","","","O","997","52","20.0"
MO2211250490SYUS2,"SY","653","Glyphosate","I",0.584,0.1,"M","LU","","","","O","997","52","20.0"
MO2211260442SYUS2,"SY","653","Glyphosate","I",0.168,0.1,"M","LU","","","","O","997","52","20.0"
MO2211260447SYUS2,"SY","653","Glyphosate","I",1.22,0.1,"M","LU","","","","O","997","52","20.0"
MO2211260450SYUS2,"SY","653","Glyphosate","I",0.674,0.1,"M","LU","","","","O","997","52","20.0"
MO2211260453SYUS2,"SY","653","Glyphosate","I",0.436,0.1,"M","LU","","","","O","997","52","20.0"
MO2211260470SYUS2,"SY","653","Glyphosate","I",0.255,0.1,"M","LU","","","","O","997","52","20.0"
MO2211260488SYUS2,"SY","653","Glyphosate","I",1.18,0.1,"M","LU","","","","O","997","52","20.0"
MO2211270496SYUS2,"SY","653","Glyphosate","I",1.12,0.1,"M","LU","","","","O","997","52","20.0"
MO2211270499SYUS2,"SY","653","Glyphosate","I",0.732,0.1,"M","LU","","","","O","997","52","20.0"
MO2211270505SYUS2,"SY","653","Glyphosate","I",0.133,0.1,"M","LU","","","","O","997","52","20.0"
MO2211280474SYUS2,"SY","653","Glyphosate","I",0.484,0.1,"M","LU","","","","O","997","52","20.0"
MO2211280477SYUS2,"SY","653","Glyphosate","I",0.965,0.1,"M","LU","","","","O","997","52","20.0"
MO2211280481SYUS2,"SY","653","Glyphosate","I",0.467,0.1,"M","LU","","","","O","997","52","20.0"
MO2211280482SYUS2,"SY","653","Glyphosate","I",1.69,0.1,"M","LU","","","","O","997","52","20.0"
MO2211280486SYUS2,"SY","653","Glyphosate","I",0.213,0.1,"M","LU","","","","O","997","52","20.0"
MO2211280500SYUS2,"SY","653","Glyphosate","I",0.259,0.1,"M","LU","","","","O","997","52","20.0"
MO2211280503SYUS2,"SY","653","Glyphosate","I",0.49,0.1,"M","LU","","","","O","997","52","20.0"
MO2211280507SYUS2,"SY","653","Glyphosate","I",0.939,0.1,"M","LU","","","","O","997","52","20.0"
MO2211280511SYUS2,"SY","653","Glyphosate","I",0.475,0.1,"M","LU","","","","O","997","52","20.0"
MO2211280514SYUS2,"SY","653","Glyphosate","I",0.152,0.1,"M","LU","","","","O","997","52","20.0"
MO2211290480SYUS2,"SY","653","Glyphosate","I",0.496,0.1,"M","LU","","","","O","997","52","20.0"
MO2211290497SYUS2,"SY","653","Glyphosate","I",0.235,0.1,"M","LU","","","","O","997","52","20.0"
MO2211300473SYUS2,"SY","653","Glyphosate","I",0.477,0.1,"M","LU","","","","O","997","52","20.0"
MO2211300483SYUS2,"SY","653","Glyphosate","I",0.447,0.1,"M","LU","","","","O","997","52","20.0"
MO2211300485SYUS2,"SY","653","Glyphosate","I",0.271,0.1,"M","LU","","","","O","997","52","20.0"
MO2211300510SYUS2,"SY","653","Glyphosate","I",0.508,0.1,"M","LU","","","","O","997","52","20.0"
MO2211300513SYUS2,"SY","653","Glyphosate","I",1.54,0.1,"M","LU","","","","O","997","52","20.0"
MO2211300523SYUS2,"SY","653","Glyphosate","I",0.153,0.1,"M","LU","","","","O","997","52","20.0"
MO2211300544SYUS2,"SY","653","Glyphosate","I",0.342,0.1,"M","LU","","","","O","997","52","20.0"
MO2212010489SYUS2,"SY","653","Glyphosate","I",0.939,0.1,"M","LU","","","","O","997","52","20.0"
MO2212010517SYUS2,"SY","653","Glyphosate","I",0.461,0.1,"M","LU","","","","O","997","52","20.0"
MO2212010521SYUS2,"SY","653","Glyphosate","I",0.229,0.1,"M","LU","","","","O","997","52","20.0"
MO2212020495SYUS2,"SY","653","Glyphosate","I",0.134,0.1,"M","LU","","","","O","997","52","20.0"
MO2212020501SYUS2,"SY","653","Glyphosate","I",0.209,0.1,"M","LU","","","","O","997","52","20.0"
MO2212020506SYUS2,"SY","653","Glyphosate","I",0.218,0.1,"M","LU","","","","O","997","52","20.0"
MO2212020518SYUS2,"SY","653","Glyphosate","I",1.49,0.1,"M","LU","","","","O","997","52","20.0"
MO2212020522SYUS2,"SY","653","Glyphosate","I",1.65,0.1,"M","LU","","","","O","997","52","20.0"
MO2212020528SYUS2,"SY","653","Glyphosate","I",0.676,0.1,"M","LU","","","","O","997","52","20.0"
MO2212020540SYUS2,"SY","653","Glyphosate","I",0.675,0.1,"M","LU","","","","O","997","52","20.0"
MO2212020545SYUS2,"SY","653","Glyphosate","I",0.632,0.1,"M","LU","","","","O","997","52","20.0"
MO2212030465SYUS2,"SY","653","Glyphosate","I",0.109,0.1,"M","LU","","","","O","997","52","20.0"
MO2212030512SYUS2,"SY","653","Glyphosate","I",1.51,0.1,"M","LU","","","","O","997","52","20.0"
MO2212030543SYUS2,"SY","653","Glyphosate","I",0.1,0.1,"M","LU","","","","O","997","52","20.0"
MO2212040471SYUS2,"SY","653","Glyphosate","I",0.191,0.1,"M","LU","","","","O","997","52","20.0"
MO2212040502SYUS2,"SY","653","Glyphosate","I",0.133,0.1,"M","LU","","","","O","997","52","20.0"
MO2212040515SYUS2,"SY","653","Glyphosate","I",0.865,0.1,"M","LU","","","","O","997","52","20.0"
MO2212040516SYUS2,"SY","653","Glyphosate","I",1.01,0.1,"M","LU","","","","O","997","52","20.0"
MO2212050526SYUS2,"SY","653","Glyphosate","I",0.582,0.1,"M","LU","","","","O","997","52","20.0"
MO2212050529SYUS2,"SY","653","Glyphosate","I",0.398,0.1,"M","LU","","","","O","997","52","20.0"
MO2212060520SYUS2,"SY","653","Glyphosate","I",0.269,0.1,"M","LU","","","","O","997","52","20.0"
MO2212060530SYUS2,"SY","653","Glyphosate","I",0.367,0.1,"M","LU","","","","O","997","52","20.0"
MO2212060536SYUS2,"SY","653","Glyphosate","I",0.184,0.1,"M","LU","","","","O","997","52","20.0"
MO2212060542SYUS2,"SY","653","Glyphosate","I",1.2,0.1,"M","LU","","","","O","997","52","20.0"
MO2212060551SYUS2,"SY","653","Glyphosate","I",0.407,0.1,"M","LU","","","","O","997","52","20.0"
MO2212060559SYUS2,"SY","653","Glyphosate","I",0.102,0.1,"M","LU","","","","O","997","52","20.0"
MO2212070524SYUS2,"SY","653","Glyphosate","I",2.25,0.1,"M","LU","","","","O","997","52","20.0"
MO2212080532SYUS2,"SY","653","Glyphosate","I",0.473,0.1,"M","LU","","","","O","997","52","20.0"
MO2212080539SYUS2,"SY","653","Glyphosate","I",0.206,0.1,"M","LU","","","","O","997","52","20.0"
MO2212090535SYUS2,"SY","653","Glyphosate","I",0.664,0.1,"M","LU","","","","O","997","52","20.0"
MO2212090537SYUS2,"SY","653","Glyphosate","I",1.12,0.1,"M","LU","","","","O","997","52","20.0"
MO2212090546SYUS2,"SY","653","Glyphosate","I",0.637,0.1,"M","LU","","","","O","997","52","20.0"
MO2212090548SYUS2,"SY","653","Glyphosate","I",1.09,0.1,"M","LU","","","","O","997","52","20.0"
MO2212090553SYUS2,"SY","653","Glyphosate","I",0.149,0.1,"M","LU","","","","O","997","52","20.0"
MO2212090557SYUS2,"SY","653","Glyphosate","I",0.367,0.1,"M","LU","","","","O","997","52","20.0"
MO2212100527SYUS2,"SY","653","Glyphosate","I",1.14,0.1,"M","LU","","","","O","997","52","20.0"
MO2212100531SYUS2,"SY","653","Glyphosate","I",1.21,0.1,"M","LU","","","","O","997","52","20.0"
MO2212100533SYUS2,"SY","653","Glyphosate","I",0.712,0.1,"M","LU","","","","O","997","52","20.0"
MO2212100538SYUS2,"SY","653","Glyphosate","I",1.04,0.1,"M","LU","","","","O","997","52","20.0"
MO2212100541SYUS2,"SY","653","Glyphosate","I",0.918,0.1,"M","LU","","","","O","997","52","20.0"
MO2212110534SYUS2,"SY","653","Glyphosate","I",0.383,0.1,"M","LU","","","","O","997","52","20.0"
MO2212110555SYUS2,"SY","653","Glyphosate","I",0.433,0.1,"M","LU","","","","O","997","52","20.0"
MO2212120549SYUS2,"SY","653","Glyphosate","I",0.365,0.1,"M","LU","","","","O","997","52","20.0"
MO2212120552SYUS2,"SY","653","Glyphosate","I",0.672,0.1,"M","LU","","","","O","997","52","20.0"
MO2212120564SYUS2,"SY","653","Glyphosate","I",1.12,0.1,"M","LU","","","","O","997","52","20.0"
MO2212130550SYUS2,"SY","653","Glyphosate","I",3.27,0.1,"M","LU","","","","O","997","52","20.0"
MO2212130560SYUS2,"SY","653","Glyphosate","I",1.07,0.1,"M","LU","","","","O","997","52","20.0"
MO2212130562SYUS2,"SY","653","Glyphosate","I",0.147,0.1,"M","LU","","","","O","997","52","20.0"
MO2212140556SYUS2,"SY","653","Glyphosate","I",0.335,0.1,"M","LU","","","","O","997","52","20.0"
MO2212150566SYUS2,"SY","653","Glyphosate","I",0.588,0.1,"M","LU","","","","O","997","52","20.0"
MO2212150584SYUS2,"SY","653","Glyphosate","I",0.64,0.1,"M","LU","","","","O","997","52","20.0"
MO2212160563SYUS2,"SY","653","Glyphosate","I",0.427,0.1,"M","LU","","","","O","997","52","20.0"
MO2212160565SYUS2,"SY","653","Glyphosate","I",13.6,0.1,"M","LU","","","","O","997","52","20.0"
MO2212170558SYUS2,"SY","653","Glyphosate","I",0.384,0.1,"M","LU","","","","O","997","52","20.0"
MO2212180569SYUS2,"SY","653","Glyphosate","I",0.718,0.1,"M","LU","","","","O","997","52","20.0"
MO2212180571SYUS2,"SY","653","Glyphosate","I",1.19,0.1,"M","LU","","","","O","997","52","20.0"
MO2212190585SYUS2,"SY","653","Glyphosate","I",4.06,0.1,"M","LU","","","","O","997","52","20.0"
MO2212200554SYUS2,"SY","653","Glyphosate","I",0.202,0.1,"M","LU","","","","O","997","52","20.0"
MO2212200568SYUS2,"SY","653","Glyphosate","I",1.1,0.1,"M","LU","","","","O","997","52","20.0"
MO2212200570SYUS2,"SY","653","Glyphosate","I",1.07,0.1,"M","LU","","","","O","997","52","20.0"
MO2212200575SYUS2,"SY","653","Glyphosate","I",0.272,0.1,"M","LU","","","","O","997","52","20.0"
MO2212200580SYUS2,"SY","653","Glyphosate","I",3.49,0.1,"M","LU","","","","O","997","52","20.0"
MO2212200581SYUS2,"SY","653","Glyphosate","I",0.249,0.1,"M","LU","","","","O","997","52","20.0"
MO2212210578SYUS2,"SY","653","Glyphosate","I",0.839,0.1,"M","LU","","","","O","997","52","20.0"
MO2212220567SYUS2,"SY","653","Glyphosate","I",2.84,0.1,"M","LU","","","","O","997","52","20.0"
MO2212260579SYUS2,"SY","653","Glyphosate","I",0.145,0.1,"M","LU","","","","O","997","52","20.0"
MO2212280572SYUS2,"SY","653","Glyphosate","I",0.326,0.1,"M","LU","","","","O","997","52","20.0"
MO2212280576SYUS2,"SY","653","Glyphosate","I",0.936,0.1,"M","LU","","","","O","997","52","20.0"
MO2212290574SYUS2,"SY","653","Glyphosate","I",0.439,0.1,"M","LU","","","","O","997","52","20.0"
MO2212290586SYUS2,"SY","653","Glyphosate","I",0.244,0.1,"M","LU","","","","O","997","52","20.0"
MO2212290587SYUS2,"SY","653","Glyphosate","I",1.02,0.1,"M","LU","","","","O","997","52","20.0"
MO2301040590SYUS2,"SY","653","Glyphosate","I",0.966,0.1,"M","LU","","","","O","997","52","20.0"
MO2301050604SYUS2,"SY","653","Glyphosate","I",1.33,0.1,"M","LU","","","","O","997","52","20.0"
MO2301070589SYUS2,"SY","653","Glyphosate","I",2.39,0.1,"M","LU","","","","O","997","52","20.0"
MO2301080605SYUS2,"SY","653","Glyphosate","I",0.124,0.1,"M","LU","","","","O","997","52","20.0"
MO2301090600SYUS2,"SY","653","Glyphosate","I",0.464,0.1,"M","LU","","","","O","997","52","20.0"
MO2301100593SYUS2,"SY","653","Glyphosate","I",0.764,0.1,"M","LU","","","","O","997","52","20.0"
MO2301100597SYUS2,"SY","653","Glyphosate","I",2.45,0.1,"M","LU","","","","O","997","52","20.0"
MO2301100598SYUS2,"SY","653","Glyphosate","I",0.59,0.1,"M","LU","","","","O","997","52","20.0"
MO2301110594SYUS2,"SY","653","Glyphosate","I",3.34,0.1,"M","LU","","","","O","997","52","20.0"
MO2301120595SYUS2,"SY","653","Glyphosate","I",0.842,0.1,"M","LU","","","","O","997","52","20.0"
MO2301130599SYUS2,"SY","653","Glyphosate","I",0.368,0.1,"M","LU","","","","O","997","52","20.0"
MO2301130609SYUS2,"SY","653","Glyphosate","I",0.33,0.1,"M","LU","","","","O","997","52","20.0"
MO2301130610SYUS2,"SY","653","Glyphosate","I",1.01,0.1,"M","LU","","","","O","997","52","20.0"
MO2301140596SYUS2,"SY","653","Glyphosate","I",0.161,0.1,"M","LU","","","","O","997","52","20.0"
MO2301140603SYUS2,"SY","653","Glyphosate","I",0.419,0.1,"M","LU","","","","O","997","52","20.0"
MO2301150608SYUS2,"SY","653","Glyphosate","I",0.46,0.1,"M","LU","","","","O","997","52","20.0"
MO2301170611SYUS2,"SY","653","Glyphosate","I",0.722,0.1,"M","LU","","","","O","997","52","20.0"
MO2301200606SYUS2,"SY","653","Glyphosate","I",0.102,0.1,"M","LU","","","","O","997","52","20.0"
